id,전기요금(원)
32064,741.2107744205633
32065,741.2107744205633
32066,741.2107744205633
32067,722.827912667112
32068,722.827912667112
32069,722.827912667112
32070,722.827912667112
32071,712.5904516236862
32072,712.5904516236862
32073,712.5904516236862
32074,712.5904516236862
32075,712.5904516236862
32076,712.5904516236862
32077,712.5904516236862
32078,712.5904516236862
32079,712.5904516236862
32080,712.5904516236862
32081,712.5904516236862
32082,712.5904516236862
32083,712.5904516236862
32084,712.5904516236862
32085,712.5904516236862
32086,712.5904516236862
32087,712.5904516236862
32088,712.5904516236862
32089,712.5904516236862
32090,712.5904516236862
32091,712.5904516236862
32092,712.5904516236862
32093,712.5904516236862
32094,712.5904516236862
32095,966.2404461554097
32096,3303.9470946494484
32097,4663.012239446565
32098,4684.449302115583
32099,4693.872103768939
32100,5216.753888213376
32101,5216.753888213376
32102,5216.753888213376
32103,5216.753888213376
32104,5157.036839229721
32105,5157.036839229721
32106,5157.036839229721
32107,5110.513417957125
32108,5070.378244377545
32109,5070.378244377545
32110,5070.378244377545
32111,4754.435742120441
32112,2518.4554563053357
32113,2548.4044931481744
32114,2548.4044931481744
32115,3763.5234784144805
32116,3896.8677845378943
32117,5517.922387516031
32118,5517.922387516031
32119,4396.747209756898
32120,4396.747209756898
32121,4728.4542904659975
32122,4728.4542904659975
32123,4226.904224185258
32124,4226.904224185258
32125,4558.611304894357
32126,4558.611304894357
32127,4226.890058647123
32128,4226.890058647123
32129,4554.7788454064685
32130,4554.7788454064685
32131,2839.6697502099955
32132,3017.4953309573534
32133,3000.7264128459365
32134,2991.4478549578466
32135,2753.8022658099394
32136,2836.6243682790696
32137,2888.9377491589057
32138,2886.848097913645
32139,3002.407017700274
32140,3002.407017700274
32141,3002.407017700274
32142,3000.278017060703
32143,3002.407017700274
32144,1936.261321435338
32145,1936.261321435338
32146,1930.010084689944
32147,1826.581124434408
32148,1483.8839010345348
32149,1483.8839010345348
32150,1481.5824449091315
32151,1267.837641708316
32152,940.5003077479457
32153,669.0057738244927
32154,666.7043176990894
32155,624.9205235364047
32156,840.0292801064244
32157,840.0292801064244
32158,840.0292801064244
32159,741.2107744205633
32160,713.1575046182367
32161,713.1575046182367
32162,713.1575046182367
32163,698.8609179271101
32164,698.8609179271101
32165,698.8609179271101
32166,698.8609179271101
32167,689.6290976724516
32168,689.6290976724516
32169,689.6290976724516
32170,689.6290976724516
32171,689.6290976724516
32172,689.6290976724516
32173,689.6290976724516
32174,689.6290976724516
32175,689.6290976724516
32176,689.6290976724516
32177,689.6290976724516
32178,689.6290976724516
32179,689.6290976724516
32180,689.6290976724516
32181,689.6290976724516
32182,689.6290976724516
32183,689.6290976724516
32184,689.6290976724516
32185,689.6290976724516
32186,689.6290976724516
32187,689.6290976724516
32188,689.6290976724516
32189,689.6290976724516
32190,689.6290976724516
32191,1269.254224045681
32192,1870.392199809557
32193,2063.0247687176607
32194,2259.8519896600346
32195,2656.3990316264944
32196,1597.6470621721794
32197,1158.8655499009053
32198,1301.509241454741
32199,1257.0813419388912
32200,1225.9682588017713
32201,1215.8397983932182
32202,1358.4834899470538
32203,1315.5301899459892
32204,1284.4171068088692
32205,1284.4171068088692
32206,1284.4171068088692
32207,1340.6199752675209
32208,1309.506892130401
32209,1309.506892130401
32210,1309.506892130401
32211,1468.2763625516425
32212,1437.1632794145225
32213,1437.1632794145225
32214,1437.1632794145225
32215,1468.2763625516425
32216,1437.1632794145225
32217,1437.1632794145225
32218,1437.1632794145225
32219,1468.2763625516425
32220,1437.1632794145225
32221,1437.1632794145225
32222,1437.1632794145225
32223,1468.2763625516425
32224,1437.1632794145225
32225,1437.1632794145225
32226,1437.1632794145225
32227,1468.2763625516425
32228,1437.1632794145225
32229,1437.1632794145225
32230,1437.1632794145225
32231,1293.4441441146764
32232,1262.3310609775565
32233,1262.3310609775565
32234,1262.3310609775565
32235,1413.3280570669579
32236,1382.214973929838
32237,1382.214973929838
32238,1382.214973929838
32239,1413.3280570669579
32240,1382.214973929838
32241,1382.214973929838
32242,1382.214973929838
32243,1413.3280570669579
32244,1382.214973929838
32245,1382.214973929838
32246,1382.214973929838
32247,906.346569665419
32248,874.7763140257764
32249,874.7763140257764
32250,874.7763140257764
32251,905.3059599167134
32252,873.7357042770708
32253,873.7357042770708
32254,873.7357042770708
32255,713.1575046182367
32256,741.2107744205633
32257,741.2107744205633
32258,741.2107744205633
32259,722.827912667112
32260,722.827912667112
32261,722.827912667112
32262,722.827912667112
32263,712.5904516236862
32264,712.5904516236862
32265,712.5904516236862
32266,712.5904516236862
32267,712.5904516236862
32268,712.5904516236862
32269,712.5904516236862
32270,712.5904516236862
32271,712.5904516236862
32272,712.5904516236862
32273,712.5904516236862
32274,712.5904516236862
32275,712.5904516236862
32276,712.5904516236862
32277,712.5904516236862
32278,712.5904516236862
32279,712.5904516236862
32280,712.5904516236862
32281,712.5904516236862
32282,712.5904516236862
32283,712.5904516236862
32284,712.5904516236862
32285,712.5904516236862
32286,712.5904516236862
32287,744.7668199814104
32288,4027.3021390755234
32289,7153.193574846027
32290,7362.70870503275
32291,6676.636037140227
32292,7476.6614087337
32293,7476.6614087337
32294,7476.6614087337
32295,7442.42081813044
32296,7884.350594884238
32297,7906.573059227595
32298,7951.070975013078
32299,7761.459305118064
32300,7775.014949209105
32301,7797.237413552462
32302,7841.735329337946
32303,7701.696847671458
32304,2738.665190199438
32305,2811.4562030151037
32306,2812.055832813324
32307,3823.3165079420864
32308,4262.743826745153
32309,6356.31157168821
32310,6341.696464814494
32311,7205.987930761309
32312,7422.298326948178
32313,7754.005407657273
32314,7681.078732462395
32315,7205.987930761309
32316,7422.298326948178
32317,7754.005407657273
32318,7681.078732462395
32319,7211.703807768369
32320,7428.014203955238
32321,7755.902990714579
32322,7682.976315519701
32323,7148.130821291451
32324,7622.512247585871
32325,7605.743329474453
32326,5850.381959386923
32327,5368.197031122472
32328,5847.024428806465
32329,6852.284878976866
32330,6791.947641731342
32331,6947.900825588513
32332,6925.003365778199
32333,6925.003365778199
32334,6877.01608860339
32335,6947.900825588513
32336,6850.963093586229
32337,6850.963093586229
32338,6415.778276305454
32339,3078.7183371283463
32340,2241.713113786273
32341,2225.8410651448417
32342,2183.6305422471096
32343,1872.9745130700028
32344,1424.5658829996942
32345,1137.6253809106765
32346,1122.391860196917
32347,1069.4814411029158
32348,873.7357042770708
32349,873.7357042770708
32350,873.7357042770708
32351,741.2107744205633
32352,741.2107744205633
32353,741.2107744205633
32354,741.2107744205633
32355,722.827912667112
32356,722.827912667112
32357,722.827912667112
32358,722.827912667112
32359,712.5904516236862
32360,712.5904516236862
32361,712.5904516236862
32362,712.5904516236862
32363,712.5904516236862
32364,712.5904516236862
32365,712.5904516236862
32366,712.5904516236862
32367,712.5904516236862
32368,712.5904516236862
32369,712.5904516236862
32370,712.5904516236862
32371,712.5904516236862
32372,712.5904516236862
32373,712.5904516236862
32374,712.5904516236862
32375,712.5904516236862
32376,712.5904516236862
32377,712.5904516236862
32378,712.5904516236862
32379,712.5904516236862
32380,712.5904516236862
32381,712.5904516236862
32382,712.5904516236862
32383,1152.3346966842973
32384,4450.973024597113
32385,7820.249402375709
32386,7979.069298176042
32387,7108.993964836759
32388,7884.808650028024
32389,7884.808650028024
32390,7884.808650028024
32391,7850.568059424764
32392,8215.48447002932
32393,8237.706934372674
32394,8282.204850158154
32395,8092.593180263152
32396,8106.1488243541935
32397,8128.371288697551
32398,8172.869204483034
32399,7630.387588143385
32400,2751.606596560939
32401,2825.916912709764
32402,2826.516542507984
32403,3797.2803320082335
32404,4236.707650811296
32405,6331.7946990875125
32406,6317.179592213796
32407,7210.039309638617
32408,7426.349705825486
32409,7758.056786534581
32410,7685.130111339703
32411,7210.039309638617
32412,7426.349705825486
32413,7758.056786534581
32414,7685.130111339703
32415,7219.25791379215
32416,7435.568309979019
32417,7763.45709673836
32418,7690.530421543482
32419,7312.135814598594
32420,7527.128823745618
32421,7510.359905634201
32422,5685.920402164113
32423,5195.42098745178
32424,5674.248385135773
32425,6679.508835306174
32426,6619.17159806065
32427,6775.124781917821
32428,6752.227322107507
32429,6752.227322107507
32430,6704.240044932698
32431,6775.124781917821
32432,6945.889953510813
32433,6945.889953510813
32434,6510.705136230038
32435,3095.34383319732
32436,2258.3386098552464
32437,2242.466561213815
32438,2200.256038316083
32439,1889.6000091389762
32440,1441.1913790686676
32441,1154.25087697965
32442,1139.0173562658904
32443,1086.1069371718893
32444,873.7357042770708
32445,873.7357042770708
32446,873.7357042770708
32447,741.2107744205633
32448,741.2107744205633
32449,741.2107744205633
32450,741.2107744205633
32451,722.827912667112
32452,722.827912667112
32453,722.827912667112
32454,722.827912667112
32455,712.5904516236862
32456,712.5904516236862
32457,712.5904516236862
32458,712.5904516236862
32459,712.5904516236862
32460,712.5904516236862
32461,712.5904516236862
32462,712.5904516236862
32463,712.5904516236862
32464,712.5904516236862
32465,712.5904516236862
32466,712.5904516236862
32467,712.5904516236862
32468,712.5904516236862
32469,712.5904516236862
32470,712.5904516236862
32471,712.5904516236862
32472,712.5904516236862
32473,712.5904516236862
32474,712.5904516236862
32475,712.5904516236862
32476,712.5904516236862
32477,712.5904516236862
32478,712.5904516236862
32479,1569.9603181661885
32480,5348.975441518119
32481,8583.718469431844
32482,8761.406873186332
32483,7788.339590479792
32484,7804.07479385237
32485,7804.07479385237
32486,7804.07479385237
32487,7769.83420324911
32488,7762.748317754887
32489,7784.970782098244
32490,7928.735991080304
32491,7634.774374064197
32492,7648.330018155239
32493,7670.552482498596
32494,7814.317691480656
32495,7131.278870651484
32496,2629.5828290923373
32497,2711.5415348475226
32498,2712.1411646457427
32499,3675.2565645396317
32500,4114.6838833426955
32501,6217.419321225272
32502,6202.804214351556
32503,6952.011233354824
32504,7168.321629541693
32505,7500.028710250786
32506,7427.102035055908
32507,6952.011233354824
32508,7168.321629541693
32509,7500.028710250786
32510,7427.102035055908
32511,6951.997067816688
32512,7168.3074640035575
32513,7496.196250762898
32514,7423.26957556802
32515,6756.021474989526
32516,6509.6740700286155
32517,6492.905151917198
32518,4832.856390257543
32519,4573.860222501603
32520,5052.687620185596
32521,6057.948070355996
32522,6002.221344782016
32523,6049.152247017595
32524,6026.254787207281
32525,6026.254787207281
32526,5936.744595137137
32527,6049.152247017595
32528,6464.06727670781
32529,6464.06727670781
32530,6009.6185989147925
32531,3055.8070967745016
32532,2218.8018734324282
32533,2202.929824790997
32534,2160.719301893265
32535,1907.5502821438618
32536,1459.1416520735531
32537,1172.2011499845355
32538,1156.967629270776
32539,1104.0572101767748
32540,873.7357042770708
32541,873.7357042770708
32542,873.7357042770708
32543,741.2107744205633
32544,741.2107744205633
32545,741.2107744205633
32546,741.2107744205633
32547,722.827912667112
32548,722.827912667112
32549,722.827912667112
32550,722.827912667112
32551,712.5904516236862
32552,712.5904516236862
32553,712.5904516236862
32554,712.5904516236862
32555,712.5904516236862
32556,712.5904516236862
32557,712.5904516236862
32558,712.5904516236862
32559,712.5904516236862
32560,712.5904516236862
32561,712.5904516236862
32562,712.5904516236862
32563,712.5904516236862
32564,712.5904516236862
32565,712.5904516236862
32566,712.5904516236862
32567,712.5904516236862
32568,712.5904516236862
32569,712.5904516236862
32570,712.5904516236862
32571,712.5904516236862
32572,712.5904516236862
32573,712.5904516236862
32574,712.5904516236862
32575,1811.4963190637409
32576,5594.3161460344645
32577,9226.883634940858
32578,9217.517115255521
32579,7892.06012926906
32580,8007.183779095907
32581,8007.183779095907
32582,8007.183779095907
32583,7972.943188492647
32584,8162.489629706826
32585,8242.051255358629
32586,8236.21456791274
32587,7917.785063619108
32588,7931.340707710149
32589,8010.902333361958
32590,8005.065645916068
32591,7284.692252099537
32592,2631.7774801199857
32593,2713.736185875171
32594,2714.335815673391
32595,3706.8485985126044
32596,4146.275917315669
32597,6249.011355198246
32598,6234.39624832453
32599,7021.111477959734
32600,7237.421874146603
32601,7569.128954855696
32602,7499.8809409711075
32603,7021.111477959734
32604,7237.421874146603
32605,7569.128954855696
32606,7499.8809409711075
32607,7021.097312421598
32608,7237.407708608467
32609,7565.296495367807
32610,7496.048481483219
32611,6891.109646237332
32612,6814.399456240544
32613,6797.630538129127
32614,5151.085747253613
32615,4729.631599308852
32616,5231.356456803159
32617,6236.616906973559
32618,6194.466854638026
32619,6248.891123269394
32620,6248.891123269394
32621,6248.891123269394
32622,6171.595491336115
32623,6248.891123269394
32624,6649.785915136596
32625,6649.785915136596
32626,6218.523509755217
32627,3077.189479114209
32628,2240.1842557721357
32629,2224.3122071307043
32630,2182.1016842329723
32631,1925.959872412527
32632,1454.2989414014005
32633,1167.3584393123829
32634,1152.1249185986233
32635,1099.2144995046222
32636,873.6518765259118
32637,873.6518765259118
32638,873.6518765259118
32639,741.2107744205633
32640,741.2107744205633
32641,741.2107744205633
32642,741.2107744205633
32643,722.827912667112
32644,722.827912667112
32645,722.827912667112
32646,722.827912667112
32647,712.5904516236862
32648,712.5904516236862
32649,712.5904516236862
32650,712.5904516236862
32651,712.5904516236862
32652,712.5904516236862
32653,712.5904516236862
32654,712.5904516236862
32655,712.5904516236862
32656,712.5904516236862
32657,712.5904516236862
32658,712.5904516236862
32659,712.5904516236862
32660,712.5904516236862
32661,712.5904516236862
32662,712.5904516236862
32663,712.5904516236862
32664,712.5904516236862
32665,712.5904516236862
32666,712.5904516236862
32667,712.5904516236862
32668,712.5904516236862
32669,712.5904516236862
32670,712.5904516236862
32671,1652.0457492971664
32672,5434.865576267894
32673,7998.660410557823
32674,8119.240028911203
32675,7732.609559502489
32676,7979.351265554173
32677,7979.351265554173
32678,7979.351265554173
32679,7981.4838011688635
32680,8399.477143351058
32681,8479.038769002867
32682,8473.202081556978
32683,8290.46623873616
32684,8254.70969154821
32685,8334.271317200024
32686,8328.434629754134
32687,7872.48814745727
32688,3193.8267033582115
32689,3248.4026301554127
32690,3249.002259953633
32691,4317.467457076788
32692,4722.08802814182
32693,6723.094700023249
32694,6708.479593149533
32695,7442.412986718798
32696,7658.723382905667
32697,7990.43046361476
32698,7918.800272390345
32699,7442.412986718798
32700,7658.723382905667
32701,7990.43046361476
32702,7918.800272390345
32703,7442.398821180662
32704,7658.709217367531
32705,7986.598004126871
32706,7914.967812902456
32707,7012.321545084561
32708,6783.263116090444
32709,6766.4941979790265
32710,5424.2723949427345
32711,4389.935036544828
32712,4924.815606791058
32713,5832.299217192438
32714,5764.978573076643
32715,5955.68534533939
32716,5955.68534533939
32717,5955.68534533939
32718,5866.700189488941
32719,5955.68534533939
32720,6612.964098692603
32721,6612.964098692603
32722,6121.869152341461
32723,3045.5935150689493
32724,2208.588291726876
32725,2192.7162430854446
32726,2121.311661382452
32727,1915.5233838656522
32728,1443.8624528545258
32729,1156.9219507655082
32730,1137.5584161321856
32731,1088.7780109577475
32732,872.8955912913033
32733,872.8955912913033
32734,872.8955912913033
32735,741.2107744205633
32736,741.2107744205633
32737,741.2107744205633
32738,741.2107744205633
32739,722.827912667112
32740,722.827912667112
32741,722.827912667112
32742,722.827912667112
32743,712.5904516236862
32744,712.5904516236862
32745,712.5904516236862
32746,712.5904516236862
32747,712.5904516236862
32748,712.5904516236862
32749,712.5904516236862
32750,712.5904516236862
32751,712.5904516236862
32752,712.5904516236862
32753,712.5904516236862
32754,712.5904516236862
32755,712.5904516236862
32756,712.5904516236862
32757,712.5904516236862
32758,712.5904516236862
32759,712.5904516236862
32760,712.5904516236862
32761,712.5904516236862
32762,712.5904516236862
32763,712.5904516236862
32764,712.5904516236862
32765,712.5904516236862
32766,712.5904516236862
32767,1192.1048823175909
32768,3723.4055994578157
32769,5166.82171219785
32770,5188.2587748668675
32771,5209.358960017971
32772,5927.054879086975
32773,5927.054879086975
32774,5927.054879086975
32775,5927.054879086975
32776,6405.581904892958
32777,6485.143530544767
32778,6585.943492563368
32779,6359.058483620362
32780,6318.923310040782
32781,6398.484935692591
32782,6499.284897711192
32783,5949.639535488373
32784,2993.3041926730302
32785,3058.492645163042
32786,3058.492645163042
32787,4223.494653015387
32788,4356.8389591388
32789,6293.410572213851
32790,6293.410572213851
32791,5152.295724153664
32792,5152.295724153664
32793,5484.002804862758
32794,5481.3985060673285
32795,5152.295724153664
32796,5152.295724153664
32797,5484.002804862758
32798,5481.3985060673285
32799,5152.281558615528
32800,5152.281558615528
32801,5480.170345374869
32802,5477.566046579439
32803,3415.774622494424
32804,3909.116954166438
32805,3892.3480360550225
32806,3850.9674446957197
32807,3028.630667694112
32808,3111.4527701632423
32809,3163.766151043079
32810,3161.676499797818
32811,3355.371542846677
32812,3355.371542846677
32813,3355.371542846677
32814,3353.242542207106
32815,3355.371542846677
32816,2309.110346330657
32817,2309.110346330657
32818,2302.859109585263
32819,1962.1370380686064
32820,1610.623969834564
32821,1610.623969834564
32822,1608.3225137091606
32823,1429.7291736546676
32824,1092.60708912382
32825,821.1125552003699
32826,818.8110990749666
32827,784.2561968242375
32828,839.9454523552654
32829,839.9454523552654
32830,839.9454523552654
32831,741.2107744205633
32832,713.1575046182367
32833,713.1575046182367
32834,713.1575046182367
32835,698.8609179271101
32836,698.8609179271101
32837,698.8609179271101
32838,698.8609179271101
32839,689.6290976724516
32840,689.6290976724516
32841,689.6290976724516
32842,689.6290976724516
32843,689.6290976724516
32844,689.6290976724516
32845,689.6290976724516
32846,689.6290976724516
32847,689.6290976724516
32848,689.6290976724516
32849,689.6290976724516
32850,689.6290976724516
32851,689.6290976724516
32852,689.6290976724516
32853,689.6290976724516
32854,689.6290976724516
32855,689.6290976724516
32856,689.6290976724516
32857,689.6290976724516
32858,689.6290976724516
32859,689.6290976724516
32860,689.6290976724516
32861,689.6290976724516
32862,689.6290976724516
32863,1497.5771423445462
32864,2221.200756390965
32865,2471.0281864416843
32866,2649.3780600224163
32867,3134.092670803311
32868,2075.340701348995
32869,1525.511815734665
32870,1643.1296403228143
32871,1462.6479351383339
32872,1431.534852001214
32873,1405.9977153505738
32874,1523.615539938723
32875,1315.5301899459892
32876,1284.4171068088692
32877,1284.4171068088692
32878,1284.4171068088692
32879,1339.0176829551199
32880,1307.904599818
32881,1307.904599818
32882,1307.904599818
32883,1466.6740702392415
32884,1435.5609871021215
32885,1435.5609871021215
32886,1435.5609871021215
32887,1466.6740702392415
32888,1435.5609871021215
32889,1435.5609871021215
32890,1435.5609871021215
32891,1466.6740702392415
32892,1435.5609871021215
32893,1435.5609871021215
32894,1435.5609871021215
32895,1466.6740702392415
32896,1435.5609871021215
32897,1435.5609871021215
32898,1435.5609871021215
32899,1466.6740702392415
32900,1435.5609871021215
32901,1435.5609871021215
32902,1435.5609871021215
32903,1291.8418518022754
32904,1260.7287686651555
32905,1260.7287686651555
32906,1260.7287686651555
32907,1411.7257647545568
32908,1380.612681617437
32909,1380.612681617437
32910,1380.612681617437
32911,1411.7257647545568
32912,1380.612681617437
32913,1380.612681617437
32914,1380.612681617437
32915,1411.7257647545568
32916,1380.612681617437
32917,1380.612681617437
32918,1380.612681617437
32919,905.9593860117981
32920,874.3891303721555
32921,874.3891303721555
32922,874.3891303721555
32923,905.2221321655544
32924,873.6518765259118
32925,873.6518765259118
32926,873.6518765259118
32927,713.1575046182367
32928,741.2107744205633
32929,741.2107744205633
32930,741.2107744205633
32931,722.827912667112
32932,722.827912667112
32933,722.827912667112
32934,722.827912667112
32935,712.5904516236862
32936,712.5904516236862
32937,712.5904516236862
32938,712.5904516236862
32939,712.5904516236862
32940,712.5904516236862
32941,712.5904516236862
32942,712.5904516236862
32943,712.5904516236862
32944,712.5904516236862
32945,712.5904516236862
32946,712.5904516236862
32947,712.5904516236862
32948,712.5904516236862
32949,712.5904516236862
32950,712.5904516236862
32951,712.5904516236862
32952,712.5904516236862
32953,712.5904516236862
32954,712.5904516236862
32955,712.5904516236862
32956,712.5904516236862
32957,712.5904516236862
32958,712.5904516236862
32959,1442.115258819988
32960,4888.137853174122
32961,8311.567155511564
32962,8502.604938336643
32963,7663.957235341991
32964,7553.62009727109
32965,7553.62009727109
32966,7553.62009727109
32967,7519.37950666783
32968,8439.856025552926
32969,8439.856025552926
32970,8439.856025552926
32971,8324.296911855727
32972,8337.852555946785
32973,8337.852555946785
32974,8337.852555946785
32975,8094.87624146358
32976,2652.8601147708605
32977,2728.9693416452096
32978,2729.5689714434297
32979,3737.511432513509
32980,4176.93875131657
32981,6273.82471031831
32982,6259.209603444594
32983,7419.532142091777
32984,7635.842538278646
32985,7967.549618987739
32986,7894.622943792861
32987,7419.532142091777
32988,7635.842538278646
32989,7967.549618987739
32990,7894.622943792861
32991,7425.248019098837
32992,7641.558415285706
32993,7969.447202045047
32994,7896.520526850169
32995,7179.320878571864
32996,7763.1095776814755
32997,7746.340659570058
32998,5819.012309655386
32999,5324.564495045674
33000,5836.54760548159
33001,6888.3382290697855
33002,6788.835168776995
33003,7000.666488477942
33004,6977.769028667628
33005,6977.769028667628
33006,6845.723402969359
33007,7000.666488477942
33008,6832.737367479802
33009,6832.737367479802
33010,6309.869293389157
33011,3042.9742204344548
33012,2205.9689970923814
33013,2190.09694845095
33014,2118.6923667479573
33015,1936.684948921711
33016,1488.2763188514025
33017,1201.3358167623849
33018,1181.9722821290623
33019,1133.1918769546241
33020,873.6518765259118
33021,873.6518765259118
33022,873.6518765259118
33023,741.2107744205633
33024,741.2107744205633
33025,741.2107744205633
33026,741.2107744205633
33027,722.827912667112
33028,722.827912667112
33029,722.827912667112
33030,722.827912667112
33031,712.5904516236862
33032,712.5904516236862
33033,712.5904516236862
33034,712.5904516236862
33035,712.5904516236862
33036,712.5904516236862
33037,712.5904516236862
33038,712.5904516236862
33039,712.5904516236862
33040,712.5904516236862
33041,712.5904516236862
33042,712.5904516236862
33043,712.5904516236862
33044,712.5904516236862
33045,712.5904516236862
33046,712.5904516236862
33047,712.5904516236862
33048,712.5904516236862
33049,712.5904516236862
33050,712.5904516236862
33051,712.5904516236862
33052,712.5904516236862
33053,712.5904516236862
33054,712.5904516236862
33055,1622.814974990064
33056,5076.448438265588
33057,9066.902782873229
33058,9251.492743019357
33059,7841.194247303662
33060,8173.477920159519
33061,8173.477920159519
33062,8173.477920159519
33063,8139.237329556259
33064,8842.365061919636
33065,8842.365061919636
33066,8842.365061919636
33067,8726.805948222449
33068,8740.361592313491
33069,8740.361592313491
33070,8740.361592313491
33071,8151.55294952222
33072,2897.113948460401
33073,2973.22317533475
33074,2973.82280513297
33075,4020.0718759600773
33076,4459.4991947631515
33077,6556.385153764891
33078,6541.770046891174
33079,7596.75316371549
33080,7813.063559902359
33081,8144.770640611454
33082,8071.843965416576
33083,7596.75316371549
33084,7813.063559902359
33085,8144.770640611454
33086,8071.843965416576
33087,7600.010276698178
33088,7816.320672885047
33089,8144.209459644388
33090,8071.28278444951
33091,7368.419721992206
33092,7818.391857463079
33093,7801.622939351661
33094,5805.216456054432
33095,5300.86757185141
33096,5812.850682287325
33097,6864.641305875521
33098,6765.13824558273
33099,6976.969565283677
33100,6954.072105473363
33101,6954.072105473363
33102,6822.026479775094
33103,6976.969565283677
33104,6930.753565259785
33105,6930.753565259785
33106,6407.88549116914
33107,3036.999498004934
33108,2199.994274662861
33109,2184.1222260214295
33110,2112.7176443184367
33111,1930.7102264921903
33112,1482.3015964218816
33113,1195.361094332864
33114,1175.9975596995414
33115,1127.2171545251033
33116,873.6518765259118
33117,873.6518765259118
33118,873.6518765259118
33119,741.2107744205633
33120,741.2107744205633
33121,741.2107744205633
33122,741.2107744205633
33123,722.827912667112
33124,722.827912667112
33125,722.827912667112
33126,722.827912667112
33127,712.5904516236862
33128,712.5904516236862
33129,712.5904516236862
33130,712.5904516236862
33131,712.5904516236862
33132,712.5904516236862
33133,712.5904516236862
33134,712.5904516236862
33135,712.5904516236862
33136,712.5904516236862
33137,712.5904516236862
33138,712.5904516236862
33139,712.5904516236862
33140,712.5904516236862
33141,712.5904516236862
33142,712.5904516236862
33143,712.5904516236862
33144,712.5904516236862
33145,712.5904516236862
33146,712.5904516236862
33147,712.5904516236862
33148,712.5904516236862
33149,712.5904516236862
33150,712.5904516236862
33151,1622.814974990064
33152,5401.8300983419895
33153,9081.730835897071
33154,9285.18930399735
33155,7841.194247303662
33156,8105.648998299006
33157,8105.648998299006
33158,8105.648998299006
33159,8071.408407695746
33160,7893.484598208887
33161,7893.484598208887
33162,7893.484598208887
33163,7772.842830587171
33164,7786.398474678213
33165,7786.398474678213
33166,7786.398474678213
33167,7199.627812260069
33168,2831.323006973025
33169,2915.0806234537345
33170,2915.6802532519546
33171,4310.353794091497
33172,4749.781112894572
33173,6854.315461502667
33174,6839.700354628951
33175,7650.7129893419915
33176,7867.023385528861
33177,8198.730466237957
33178,8125.803791043078
33179,7650.7129893419915
33180,7867.023385528861
33181,8198.730466237957
33182,8125.803791043078
33183,7650.698823803856
33184,7867.009219990725
33185,8194.898006750065
33186,8121.971331555187
33187,7192.637147512552
33188,6568.688753527775
33189,6551.919835416357
33190,4761.086350929879
33191,4338.918422170524
33192,4850.901532606439
33193,5902.692156194634
33194,5803.189095901843
33195,5813.948737763028
33196,5791.0512779527135
33197,5791.0512779527135
33198,5667.592507582308
33199,5813.948737763028
33200,6696.400580798986
33201,6696.400580798986
33202,6182.119362036205
33203,3025.8059816994955
33204,2188.800758357422
33205,2172.928709715991
33206,2101.524128012998
33207,1919.5167101867519
33208,1472.2364871442865
33209,1185.2959850552688
33210,1165.9324504219462
33211,1117.152045247508
33212,873.6518765259118
33213,873.6518765259118
33214,873.6518765259118
33215,741.2107744205633
33216,741.2107744205633
33217,741.2107744205633
33218,741.2107744205633
33219,722.827912667112
33220,722.827912667112
33221,722.827912667112
33222,722.827912667112
33223,712.5904516236862
33224,712.5904516236862
33225,712.5904516236862
33226,712.5904516236862
33227,712.5904516236862
33228,712.5904516236862
33229,712.5904516236862
33230,712.5904516236862
33231,712.5904516236862
33232,712.5904516236862
33233,712.5904516236862
33234,712.5904516236862
33235,712.5904516236862
33236,712.5904516236862
33237,712.5904516236862
33238,712.5904516236862
33239,712.5904516236862
33240,712.5904516236862
33241,712.5904516236862
33242,712.5904516236862
33243,712.5904516236862
33244,712.5904516236862
33245,712.5904516236862
33246,712.5904516236862
33247,1883.580543118017
33248,5663.54723939047
33249,9647.373871422064
33250,9638.00735173673
33251,7964.144353323332
33252,8516.605735094801
33253,8516.605735094801
33254,8516.605735094801
33255,8482.365144491538
33256,8315.738553693665
33257,8315.738553693665
33258,8315.738553693665
33259,8061.91505081078
33260,8075.470694901821
33261,8075.470694901821
33262,8075.470694901821
33263,7188.791559816318
33264,2820.4867545292736
33265,2904.2443710099833
33266,2904.8440008082034
33267,4328.914924593072
33268,4768.342243396148
33269,6872.876592004242
33270,6858.261485130526
33271,7621.858065920824
33272,7838.168462107693
33273,8169.875542816788
33274,8100.627528932199
33275,7621.858065920824
33276,7838.168462107693
33277,8169.875542816788
33278,8100.627528932199
33279,7621.843900382688
33280,7838.154296569557
33281,8166.043083328897
33282,8096.795069444309
33283,7293.068552810629
33284,6636.766778622943
33285,6619.997860511526
33286,4842.668346809187
33287,4410.565137921296
33288,4945.4457081675255
33289,5997.23633175572
33290,5886.182945375787
33291,5895.706032662951
33292,5895.706032662951
33293,5895.706032662951
33294,5759.334823103821
33295,5895.706032662951
33296,6826.567712664422
33297,6826.567712664422
33298,6310.345766987689
33299,3068.35434242966
33300,2231.3491190875866
33301,2215.4770704461553
33302,2144.0724887431625
33303,1959.092278845874
33304,1488.5597548625908
33305,1201.6192527735732
33306,1182.2557181402506
33307,1133.4753129658125
33308,945.7361005801889
33309,945.7361005801889
33310,945.7361005801889
33311,741.2107744205633
33312,741.2107744205633
33313,741.2107744205633
33314,741.2107744205633
33315,722.827912667112
33316,722.827912667112
33317,722.827912667112
33318,722.827912667112
33319,712.5904516236862
33320,712.5904516236862
33321,712.5904516236862
33322,712.5904516236862
33323,712.5904516236862
33324,712.5904516236862
33325,712.5904516236862
33326,712.5904516236862
33327,712.5904516236862
33328,712.5904516236862
33329,712.5904516236862
33330,712.5904516236862
33331,712.5904516236862
33332,712.5904516236862
33333,712.5904516236862
33334,712.5904516236862
33335,712.5904516236862
33336,712.5904516236862
33337,712.5904516236862
33338,712.5904516236862
33339,712.5904516236862
33340,712.5904516236862
33341,712.5904516236862
33342,712.5904516236862
33343,1724.1299733514425
33344,5504.096669623899
33345,8387.085117757832
33346,8507.664736111206
33347,7804.693783556761
33348,7642.418812323568
33349,7642.418812323568
33350,7642.418812323568
33351,7568.8316242369265
33352,7276.304839453032
33353,7276.304839453032
33354,7276.304839453032
33355,7167.293934838131
33356,7131.537387650177
33357,7131.537387650177
33358,7131.537387650177
33359,6853.499144708626
33360,2829.1828919018676
33361,2894.022242149194
33362,2894.621871947414
33363,4386.1806972916365
33364,4790.801268356671
33365,6802.071363688219
33366,6787.456256814503
33367,7493.404116265156
33368,7709.714512452025
33369,8041.42159316112
33370,7969.7914019367045
33371,7493.404116265156
33372,7709.714512452025
33373,8041.42159316112
33374,7969.7914019367045
33375,7493.38995072702
33376,7709.700346913889
33377,8037.589133673229
33378,7965.958942448814
33379,6876.115345917285
33380,6012.975391146205
33381,5996.206473034787
33382,4665.554254381882
33383,4056.098053966063
33384,4590.978624212293
33385,5498.462234613673
33386,5417.584175555677
33387,5525.509695169218
33388,5525.509695169218
33389,5525.509695169218
33390,5422.967124376567
33391,5525.509695169218
33392,6577.944456253961
33393,6577.944456253961
33394,6073.292094960617
33395,2969.8262863916957
33396,2135.6491305317386
33397,2119.7770818903073
33398,2048.372500187315
33399,1897.9496908425447
33400,1430.2452343413775
33401,1143.3047322523598
33402,1123.9411976190372
33403,1075.160792444599
33404,944.9798153455804
33405,944.9798153455804
33406,944.9798153455804
33407,741.2107744205633
33408,741.2107744205633
33409,741.2107744205633
33410,741.2107744205633
33411,722.827912667112
33412,722.827912667112
33413,722.827912667112
33414,722.827912667112
33415,712.5904516236862
33416,712.5904516236862
33417,712.5904516236862
33418,712.5904516236862
33419,712.5904516236862
33420,712.5904516236862
33421,712.5904516236862
33422,712.5904516236862
33423,712.5904516236862
33424,712.5904516236862
33425,712.5904516236862
33426,712.5904516236862
33427,712.5904516236862
33428,712.5904516236862
33429,712.5904516236862
33430,712.5904516236862
33431,712.5904516236862
33432,712.5904516236862
33433,712.5904516236862
33434,712.5904516236862
33435,712.5904516236862
33436,712.5904516236862
33437,712.5904516236862
33438,712.5904516236862
33439,1251.5735262488656
33440,3782.8742433890934
33441,5545.483969973124
33442,5566.921032642142
33443,5268.827603949244
33444,4210.075634494922
33445,4314.852381113511
33446,4314.852381113511
33447,1726.6964130467256
33448,1695.5833299096057
33449,1670.0461932589656
33450,1670.0461932589656
33451,1387.6144140002652
33452,1356.5013308631453
33453,1356.5013308631453
33454,1356.5013308631453
33455,1411.101907009396
33456,1379.988823872276
33457,1379.988823872276
33458,1379.988823872276
33459,1538.7582942935176
33460,1507.6452111563976
33461,1507.6452111563976
33462,1507.6452111563976
33463,1538.7582942935176
33464,1507.6452111563976
33465,1507.6452111563976
33466,1507.6452111563976
33467,1538.7582942935176
33468,1507.6452111563976
33469,1507.6452111563976
33470,1507.6452111563976
33471,1538.7582942935176
33472,1507.6452111563976
33473,1507.6452111563976
33474,1507.6452111563976
33475,1538.7582942935176
33476,1507.6452111563976
33477,1507.6452111563976
33478,1507.6452111563976
33479,1363.9260758565515
33480,1332.8129927194316
33481,1332.8129927194316
33482,1332.8129927194316
33483,1483.809988808833
33484,1452.696905671713
33485,1452.696905671713
33486,1452.696905671713
33487,1483.809988808833
33488,1452.696905671713
33489,1452.696905671713
33490,1452.696905671713
33491,1483.809988808833
33492,1452.696905671713
33493,1452.696905671713
33494,1452.696905671713
33495,944.3371858954287
33496,912.7669302557862
33497,912.7669302557862
33498,912.7669302557862
33499,943.599932049185
33500,912.0296764095425
33501,912.0296764095425
33502,912.0296764095425
33503,741.2107744205633
33504,713.1575046182367
33505,713.1575046182367
33506,713.1575046182367
33507,698.8609179271101
33508,698.8609179271101
33509,698.8609179271101
33510,698.8609179271101
33511,689.6290976724516
33512,689.6290976724516
33513,689.6290976724516
33514,689.6290976724516
33515,689.6290976724516
33516,689.6290976724516
33517,689.6290976724516
33518,689.6290976724516
33519,689.6290976724516
33520,689.6290976724516
33521,689.6290976724516
33522,689.6290976724516
33523,689.6290976724516
33524,689.6290976724516
33525,689.6290976724516
33526,689.6290976724516
33527,689.6290976724516
33528,689.6290976724516
33529,689.6290976724516
33530,689.6290976724516
33531,689.6290976724516
33532,689.6290976724516
33533,689.6290976724516
33534,689.6290976724516
33535,1547.4109352070348
33536,2271.034549253459
33537,2517.414038519265
33538,2695.763912099997
33539,3183.926463665805
33540,6198.79878843123
33541,6198.79878843123
33542,6198.79878843123
33543,6198.79878843123
33544,3634.3412405864924
33545,3663.895512400382
33546,3663.895512400382
33547,3663.6195197354627
33548,3623.484346155884
33549,3653.0386179697734
33550,3653.0386179697734
33551,2998.192379069975
33552,2110.420809842974
33553,2190.0705625313026
33554,2190.0705625313026
33555,3524.7750500644006
33556,3658.1193561878144
33557,5328.87467501144
33558,5328.87467501144
33559,4504.87630582647
33560,4504.87630582647
33561,4836.583386535565
33562,4827.189750498673
33563,4504.87630582647
33564,4504.87630582647
33565,4836.583386535565
33566,4827.189750498673
33567,4504.862140288336
33568,4504.862140288336
33569,4832.750927047677
33570,4823.357291010783
33571,3114.296037373242
33572,2205.3084755690143
33573,2188.5395574575973
33574,1809.3761727884423
33575,1339.0227040095144
33576,1674.4125937460783
33577,2373.5558505745184
33578,2309.5250816843354
33579,2465.791208158865
33580,2442.893748348552
33581,2442.893748348552
33582,2417.0601090873133
33583,2465.791208158865
33584,3106.7301610037525
33585,3106.7301610037525
33586,2970.6227654364134
33587,2676.5684130386726
33588,1846.48708615355
33589,1830.6150375121194
33590,1806.7067469702295
33591,1618.060629754728
33592,1168.5007881585811
33593,881.560286069564
33594,862.1967514362414
33595,813.4163462618025
33596,945.7361005801889
33597,945.7361005801889
33598,945.7361005801889
33599,713.1575046182367
33600,741.2107744205633
33601,741.2107744205633
33602,741.2107744205633
33603,722.827912667112
33604,722.827912667112
33605,722.827912667112
33606,722.827912667112
33607,712.5904516236862
33608,712.5904516236862
33609,712.5904516236862
33610,712.5904516236862
33611,712.5904516236862
33612,712.5904516236862
33613,712.5904516236862
33614,712.5904516236862
33615,712.5904516236862
33616,712.5904516236862
33617,712.5904516236862
33618,712.5904516236862
33619,712.5904516236862
33620,712.5904516236862
33621,712.5904516236862
33622,712.5904516236862
33623,712.5904516236862
33624,712.5904516236862
33625,712.5904516236862
33626,712.5904516236862
33627,712.5904516236862
33628,712.5904516236862
33629,712.5904516236862
33630,712.5904516236862
33631,1116.6812039172466
33632,4562.70379827138
33633,7812.28587881962
33634,8003.323661644699
33635,7338.523180439249
33636,8319.014098779138
33637,8319.014098779138
33638,8319.014098779138
33639,8265.006133142044
33640,8681.249722798617
33641,8710.803994612508
33642,8710.803994612508
33643,8798.755467671803
33644,8807.932485371215
33645,8837.486757185105
33646,8837.486757185105
33647,7983.005957692878
33648,2953.987751933316
33649,3030.096978807665
33650,3030.696608605885
33651,4115.923261728344
33652,4555.350580531418
33653,6652.236539533157
33654,6637.621432659441
33655,7888.210693574292
33656,8104.521089761161
33657,8436.228170470235
33658,8363.301495275362
33659,7888.210693574292
33660,8104.521089761161
33661,8436.228170470235
33662,8363.301495275362
33663,7888.2702202863775
33664,8104.580616473247
33665,8432.469403232566
33666,8359.542728037693
33667,7087.244684866595
33668,7820.631605794807
33669,7803.86268768339
33670,5888.103922152105
33671,5475.894464571034
33672,5987.87757500695
33673,7039.668198595145
33674,6926.607723360153
33675,7231.042930678718
33676,7208.145470868404
33677,7208.145470868404
33678,7062.542430227933
33679,7231.042930678718
33680,6805.354667346704
33681,6805.354667346704
33682,6268.929178313858
33683,2935.28075497726
33684,2101.103599117303
33685,2085.2315504758717
33686,2013.8269687728787
33687,1836.500917769335
33688,1397.2865828000547
33689,1110.346080711037
33690,1090.9825460777145
33691,1042.2021409032764
33692,945.7361005801889
33693,945.7361005801889
33694,945.7361005801889
33695,741.2107744205633
33696,741.2107744205633
33697,741.2107744205633
33698,741.2107744205633
33699,722.827912667112
33700,722.827912667112
33701,722.827912667112
33702,722.827912667112
33703,712.5904516236862
33704,712.5904516236862
33705,712.5904516236862
33706,712.5904516236862
33707,712.5904516236862
33708,712.5904516236862
33709,712.5904516236862
33710,712.5904516236862
33711,712.5904516236862
33712,712.5904516236862
33713,712.5904516236862
33714,712.5904516236862
33715,712.5904516236862
33716,712.5904516236862
33717,712.5904516236862
33718,712.5904516236862
33719,712.5904516236862
33720,712.5904516236862
33721,712.5904516236862
33722,712.5904516236862
33723,712.5904516236862
33724,712.5904516236862
33725,712.5904516236862
33726,712.5904516236862
33727,1169.6385771962666
33728,4620.418909773526
33729,8113.385932329865
33730,8297.975892475988
33731,7388.017849509867
33732,8219.04965681802
33733,8219.04965681802
33734,8219.04965681802
33735,8165.04169118093
33736,7547.148717134769
33737,7576.70298894866
33738,7576.70298894866
33739,7667.203796551712
33740,7676.380814251127
33741,7705.935086065018
33742,7705.935086065018
33743,6586.827722263946
33744,2729.309484385173
33745,2805.4187112595223
33746,2806.0183410577424
33747,3852.26741188485
33748,4291.694730687919
33749,6388.580689689658
33750,6373.965582815942
33751,7112.443103169195
33752,7328.753499356064
33753,7660.460580065158
33754,7577.82644649099
33755,7112.443103169195
33756,7328.753499356064
33757,7660.460580065158
33758,7577.82644649099
33759,7116.005357027753
33760,7332.315753214622
33761,7660.204539973963
33762,7577.570406399795
33763,6781.322308250491
33764,6479.1436900287445
33765,6462.374771917327
33766,4514.256518653857
33767,4122.613926225339
33768,4634.597036661255
33769,5686.38766024945
33770,5566.801151554734
33771,5468.747554805255
33772,5445.850094994941
33773,5445.850094994941
33774,5328.089408605682
33775,5441.934197331618
33776,5992.895334916382
33777,5990.3213202525
33778,5462.789616456251
33779,2937.269064715562
33780,2112.2554963155603
33781,2098.538528521278
33782,2027.133946818285
33783,1838.4892275076365
33784,1408.4384799983104
33785,1123.6530587564405
33786,1104.2895241231179
33787,1045.777403563794
33788,945.7361005801889
33789,945.7361005801889
33790,945.7361005801889
33791,741.2107744205633
33792,741.2107744205633
33793,741.2107744205633
33794,741.2107744205633
33795,722.827912667112
33796,722.827912667112
33797,722.827912667112
33798,722.827912667112
33799,712.5904516236862
33800,712.5904516236862
33801,712.5904516236862
33802,712.5904516236862
33803,712.5904516236862
33804,712.5904516236862
33805,712.5904516236862
33806,712.5904516236862
33807,712.5904516236862
33808,712.5904516236862
33809,712.5904516236862
33810,712.5904516236862
33811,712.5904516236862
33812,712.5904516236862
33813,712.5904516236862
33814,712.5904516236862
33815,712.5904516236862
33816,712.5904516236862
33817,712.5904516236862
33818,712.5904516236862
33819,712.5904516236862
33820,712.5904516236862
33821,712.5904516236862
33822,712.5904516236862
33823,1169.6385771962666
33824,4945.800569849927
33825,8117.908583712987
33826,8315.717285015382
33827,7388.017849509867
33828,8222.20317510524
33829,8222.20317510524
33830,8222.20317510524
33831,8168.195209468151
33832,7474.106749172562
33833,7503.661020986453
33834,7503.661020986453
33835,7589.079174664989
33836,7598.256192364404
33837,7627.810464178296
33838,7627.810464178296
33839,6495.455074469538
33840,2719.214976764707
33841,2802.9725932454166
33842,2803.5722230436368
33843,4198.245763883182
33844,4637.673082686257
33845,6742.207431294351
33846,6727.592324420635
33847,7410.738640047679
33848,7627.049036234548
33849,7958.756116943642
33850,7876.121983369474
33851,7410.738640047679
33852,7627.049036234548
33853,7958.756116943642
33854,7876.121983369474
33855,7410.724474509543
33856,7627.034870696412
33857,7954.923657455753
33858,7872.2895238815845
33859,6878.057605972706
33860,6165.350706525876
33861,6148.581788414459
33862,4406.036533961737
33863,4068.8493631395063
33864,4580.832473575421
33865,5632.623097163617
33866,5513.036588468901
33867,5441.702166992692
33868,5418.804707182378
33869,5418.804707182378
33870,5309.630876120982
33871,5392.68869923243
33872,6299.722696435992
33873,6297.14868177211
33874,5778.2038333037235
33875,2956.6236962347466
33876,2131.610127834745
33877,2117.8931600404626
33878,2046.4885783374698
33879,1857.8438590268208
33880,1427.7931115174947
33881,1143.0076902756248
33882,1123.6441556423022
33883,1065.1320350829783
33884,950.7632289942021
33885,950.7632289942021
33886,950.7632289942021
33887,741.2107744205633
33888,741.2107744205633
33889,741.2107744205633
33890,741.2107744205633
33891,722.827912667112
33892,722.827912667112
33893,722.827912667112
33894,722.827912667112
33895,712.5904516236862
33896,712.5904516236862
33897,712.5904516236862
33898,712.5904516236862
33899,712.5904516236862
33900,712.5904516236862
33901,712.5904516236862
33902,712.5904516236862
33903,712.5904516236862
33904,712.5904516236862
33905,712.5904516236862
33906,712.5904516236862
33907,712.5904516236862
33908,712.5904516236862
33909,712.5904516236862
33910,712.5904516236862
33911,712.5904516236862
33912,712.5904516236862
33913,712.5904516236862
33914,712.5904516236862
33915,712.5904516236862
33916,712.5904516236862
33917,712.5904516236862
33918,712.5904516236862
33919,1369.3873467423582
33920,5149.354043014819
33921,8625.387951354382
33922,8610.371664871172
33923,7449.951156947681
33924,8353.946624100394
33925,8353.946624100394
33926,8353.946624100394
33927,8299.938658463301
33928,7688.10098970956
33929,7717.655261523451
33930,7717.655261523451
33931,7734.12291254209
33932,7743.299930241505
33933,7772.854202055396
33934,7772.854202055396
33935,6519.733200950165
33936,2735.0500592868234
33937,2818.807675767533
33938,2819.407305565753
33939,4243.478229350624
33940,4682.905548153699
33941,6787.4398967617935
33942,6772.824789888077
33943,7452.292444204832
33944,7668.602840391701
33945,8000.309921100795
33946,7921.354448836916
33947,7452.292444204832
33948,7668.602840391701
33949,8000.309921100795
33950,7921.354448836916
33951,7452.278278666696
33952,7668.588674853565
33953,7996.477461612905
33954,7917.521989349027
33955,7013.84840723273
33956,6271.971104136854
33957,6255.202186025436
33958,4526.160902356854
33959,4175.597532401348
33960,4710.4781026475775
33961,5762.268726235773
33962,5656.258890779504
33963,5745.479793768124
33964,5745.479793768124
33965,5745.479793768124
33966,5648.520522843593
33967,5696.466326007862
33968,6648.727183623075
33969,6646.153168959193
33970,6150.394592902446
33971,3011.0430945148532
33972,2186.0295261148517
33973,2172.312558320569
33974,2100.9079766175764
33975,1909.2904652358843
33976,1455.9874167857404
33977,1171.2019955438705
33978,1151.8384609105478
33979,1093.326340351224
33980,950.7632289942021
33981,950.7632289942021
33982,950.7632289942021
33983,741.2107744205633
33984,741.2107744205633
33985,741.2107744205633
33986,741.2107744205633
33987,722.827912667112
33988,722.827912667112
33989,722.827912667112
33990,722.827912667112
33991,712.5904516236862
33992,712.5904516236862
33993,712.5904516236862
33994,712.5904516236862
33995,712.5904516236862
33996,712.5904516236862
33997,712.5904516236862
33998,712.5904516236862
33999,712.5904516236862
34000,712.5904516236862
34001,712.5904516236862
34002,712.5904516236862
34003,712.5904516236862
34004,712.5904516236862
34005,712.5904516236862
34006,712.5904516236862
34007,712.5904516236862
34008,712.5904516236862
34009,712.5904516236862
34010,712.5904516236862
34011,712.5904516236862
34012,712.5904516236862
34013,712.5904516236862
34014,712.5904516236862
34015,1231.0180006047835
34016,5010.984696877252
34017,7754.686316272874
34018,7869.616167828371
34019,7234.124151471058
34020,8067.20901748768
34021,8067.20901748768
34022,8067.20901748768
34023,7973.854454367207
34024,7095.682898828844
34025,7072.189705634364
34026,7072.189705634364
34027,7151.991219374553
34028,7111.856045794973
34029,7088.362852600493
34030,7088.362852600493
34031,6181.030859288021
34032,2925.207815932992
34033,2990.0471661803185
34034,2990.6467959785386
34035,4565.925273836679
34036,4970.545844901713
34037,6981.815940233261
34038,6967.200833359545
34039,7575.067311160257
34040,7791.3777073471265
34041,8123.0847880562205
34042,8034.473488442116
34043,7580.482665227315
34044,7796.793061414184
34045,8128.500142123278
34046,8039.888842509174
34047,7580.468499689179
34048,7796.778895876048
34049,8124.667682635389
34050,8036.056383021284
34051,7059.449186726671
34052,5987.657961885024
34053,5970.889043773606
34054,4794.398904165885
34055,4298.856438332302
34056,4833.7370085785315
34057,5741.220618979911
34058,5653.816526462191
34059,5825.391466361927
34060,5825.391466361927
34061,5825.391466361927
34062,5750.691249820488
34063,5776.377998601665
34064,6837.608078248642
34065,6835.034063584761
34066,6339.275487528013
34067,3122.0228044073183
34068,2297.0092360073168
34069,2283.2922682130343
34070,2211.8876865100415
34071,2050.146208858166
34072,1628.701991012637
34073,1343.9165697707672
34074,1324.5530351374446
34075,1266.0409145781207
34076,950.7632289942021
34077,950.7632289942021
34078,950.7632289942021
34079,741.2107744205633
34080,741.2107744205633
34081,741.2107744205633
34082,741.2107744205633
34083,722.827912667112
34084,722.827912667112
34085,722.827912667112
34086,722.827912667112
34087,712.5904516236862
34088,712.5904516236862
34089,712.5904516236862
34090,712.5904516236862
34091,712.5904516236862
34092,712.5904516236862
34093,712.5904516236862
34094,712.5904516236862
34095,712.5904516236862
34096,712.5904516236862
34097,712.5904516236862
34098,712.5904516236862
34099,712.5904516236862
34100,712.5904516236862
34101,712.5904516236862
34102,712.5904516236862
34103,712.5904516236862
34104,712.5904516236862
34105,712.5904516236862
34106,712.5904516236862
34107,712.5904516236862
34108,712.5904516236862
34109,712.5904516236862
34110,712.5904516236862
34111,1137.5508468976377
34112,3668.851564037865
34113,5421.1558889811795
34114,5436.943184852314
34115,5077.347265258961
34116,4018.5952958046378
34117,4200.829701762275
34118,4200.829701762275
34119,1699.0790178312825
34120,1667.9659346941626
34121,1657.5596999525524
34122,1657.5596999525524
34123,1387.6144140002652
34124,1356.5013308631453
34125,1356.5013308631453
34126,1356.5013308631453
34127,1411.5887770599381
34128,1380.4756939228182
34129,1380.4756939228182
34130,1380.4756939228182
34131,1539.2451643440597
34132,1508.1320812069398
34133,1508.1320812069398
34134,1508.1320812069398
34135,1539.2451643440597
34136,1508.1320812069398
34137,1508.1320812069398
34138,1508.1320812069398
34139,1539.2451643440597
34140,1508.1320812069398
34141,1508.1320812069398
34142,1508.1320812069398
34143,1539.2451643440597
34144,1508.1320812069398
34145,1508.1320812069398
34146,1508.1320812069398
34147,1539.2451643440597
34148,1508.1320812069398
34149,1508.1320812069398
34150,1508.1320812069398
34151,1364.4129459070937
34152,1333.2998627699737
34153,1333.2998627699737
34154,1333.2998627699737
34155,1484.296858859375
34156,1453.1837757222552
34157,1453.1837757222552
34158,1453.1837757222552
34159,1484.296858859375
34160,1453.1837757222552
34161,1453.1837757222552
34162,1453.1837757222552
34163,1484.296858859375
34164,1453.1837757222552
34165,1453.1837757222552
34166,1453.1837757222552
34167,949.3833456978067
34168,917.8130900581642
34169,917.8130900581642
34170,917.8130900581642
34171,949.3833456978067
34172,917.8130900581642
34173,917.8130900581642
34174,917.8130900581642
34175,741.2107744205633
34176,713.1575046182367
34177,713.1575046182367
34178,713.1575046182367
34179,698.8609179271101
34180,698.8609179271101
34181,698.8609179271101
34182,698.8609179271101
34183,689.6290976724516
34184,689.6290976724516
34185,689.6290976724516
34186,689.6290976724516
34187,689.6290976724516
34188,689.6290976724516
34189,689.6290976724516
34190,689.6290976724516
34191,689.6290976724516
34192,689.6290976724516
34193,689.6290976724516
34194,689.6290976724516
34195,689.6290976724516
34196,689.6290976724516
34197,689.6290976724516
34198,689.6290976724516
34199,689.6290976724516
34200,689.6290976724516
34201,689.6290976724516
34202,689.6290976724516
34203,689.6290976724516
34204,689.6290976724516
34205,689.6290976724516
34206,689.6290976724516
34207,1467.551623832385
34208,2191.1752378788087
34209,2427.2493255038994
34210,2605.310544138881
34211,3021.4495098320926
34212,1962.6975403777742
34213,1490.3263141024981
34214,1618.465233662788
34215,1437.8103135547772
34216,1406.6972304176572
34217,1396.290995676047
34218,1524.429915236337
34219,1387.6144140002652
34220,1356.5013308631453
34221,1356.5013308631453
34222,1356.5013308631453
34223,1411.5887770599381
34224,1380.4756939228182
34225,1380.4756939228182
34226,1380.4756939228182
34227,1539.2451643440597
34228,1508.1320812069398
34229,1508.1320812069398
34230,1508.1320812069398
34231,1539.2451643440597
34232,1508.1320812069398
34233,1508.1320812069398
34234,1508.1320812069398
34235,1539.2451643440597
34236,1508.1320812069398
34237,1508.1320812069398
34238,1508.1320812069398
34239,1539.2451643440597
34240,1508.1320812069398
34241,1508.1320812069398
34242,1508.1320812069398
34243,1539.2451643440597
34244,1508.1320812069398
34245,1508.1320812069398
34246,1508.1320812069398
34247,1364.4129459070937
34248,1333.2998627699737
34249,1333.2998627699737
34250,1333.2998627699737
34251,1484.296858859375
34252,1453.1837757222552
34253,1453.1837757222552
34254,1453.1837757222552
34255,1484.296858859375
34256,1453.1837757222552
34257,1453.1837757222552
34258,1453.1837757222552
34259,1484.296858859375
34260,1453.1837757222552
34261,1453.1837757222552
34262,1453.1837757222552
34263,982.3334846338447
34264,950.7632289942021
34265,950.7632289942021
34266,950.7632289942021
34267,982.3334846338447
34268,950.7632289942021
34269,950.7632289942021
34270,950.7632289942021
34271,713.1575046182367
34272,741.2107744205633
34273,741.2107744205633
34274,741.2107744205633
34275,722.827912667112
34276,722.827912667112
34277,722.827912667112
34278,722.827912667112
34279,712.5904516236862
34280,712.5904516236862
34281,712.5904516236862
34282,712.5904516236862
34283,712.5904516236862
34284,712.5904516236862
34285,712.5904516236862
34286,712.5904516236862
34287,712.5904516236862
34288,712.5904516236862
34289,712.5904516236862
34290,712.5904516236862
34291,712.5904516236862
34292,712.5904516236862
34293,712.5904516236862
34294,712.5904516236862
34295,712.5904516236862
34296,712.5904516236862
34297,712.5904516236862
34298,712.5904516236862
34299,712.5904516236862
34300,712.5904516236862
34301,712.5904516236862
34302,712.5904516236862
34303,876.4534427076119
34304,4288.338210728592
34305,6937.625878520588
34306,7128.375006399919
34307,6960.385418060307
34308,7898.938767559573
34309,7898.938767559573
34310,7898.938767559573
34311,7874.090471387141
34312,8071.6765427498685
34313,8048.183349555388
34314,8048.183349555388
34315,8297.230601875563
34316,8306.407619574979
34317,8282.9144263805
34318,8282.9144263805
34319,7316.193267915234
34320,2776.859104591703
34321,2852.968331466052
34322,2853.567961264272
34323,3936.095647039506
34324,4375.5229658425815
34325,6472.408924844321
34326,6457.793817970604
34327,7283.021565766156
34328,7499.331961953025
34329,7831.039042662119
34330,7753.274896941138
34331,7283.021565766156
34332,7499.331961953025
34333,7831.039042662119
34334,7753.274896941138
34335,7283.00740022802
34336,7499.317796414889
34337,7827.206583174229
34338,7749.442437453248
34339,6522.23376338738
34340,6907.912708624231
34341,6891.143790512813
34342,5300.142378766376
34343,4988.122163046079
34344,5523.002733292308
34345,6574.793356880504
34346,6455.206848185788
34347,6381.894446951273
34348,6381.894446951273
34349,6381.894446951273
34350,6264.133760562014
34351,6355.081089477635
34352,6166.405982345143
34353,6163.831967681261
34354,5636.300263885011
34355,2968.211906660273
34356,2143.1983382602716
34357,2129.481370465989
34358,2058.076788762994
34359,1844.1928666046429
34360,1422.7486487591138
34361,1137.963227517244
34362,1118.5996928839213
34363,1060.0875723245974
34364,950.7632289942021
34365,950.7632289942021
34366,950.7632289942021
34367,741.2107744205633
34368,741.2107744205633
34369,741.2107744205633
34370,741.2107744205633
34371,722.827912667112
34372,722.827912667112
34373,722.827912667112
34374,722.827912667112
34375,712.5904516236862
34376,712.5904516236862
34377,712.5904516236862
34378,712.5904516236862
34379,712.5904516236862
34380,712.5904516236862
34381,712.5904516236862
34382,712.5904516236862
34383,712.5904516236862
34384,712.5904516236862
34385,712.5904516236862
34386,712.5904516236862
34387,712.5904516236862
34388,712.5904516236862
34389,712.5904516236862
34390,712.5904516236862
34391,712.5904516236862
34392,712.5904516236862
34393,712.5904516236862
34394,712.5904516236862
34395,712.5904516236862
34396,712.5904516236862
34397,712.5904516236862
34398,712.5904516236862
34399,955.7515091044174
34400,4367.636277125398
34401,7260.308886925493
34402,7444.610192125867
34403,7036.220780248706
34404,5977.468810794385
34405,6121.383049377439
34406,6246.012664010825
34407,1526.476016993882
34408,1495.362933856762
34409,1484.9566991151519
34410,1596.8984045041902
34411,1387.6144140002652
34412,1356.5013308631453
34413,1356.5013308631453
34414,1356.5013308631453
34415,1411.5887770599381
34416,1380.4756939228182
34417,1380.4756939228182
34418,1380.4756939228182
34419,1539.2451643440597
34420,1508.1320812069398
34421,1508.1320812069398
34422,1508.1320812069398
34423,1539.2451643440597
34424,1508.1320812069398
34425,1508.1320812069398
34426,1508.1320812069398
34427,1539.2451643440597
34428,1508.1320812069398
34429,1508.1320812069398
34430,1508.1320812069398
34431,1539.2451643440597
34432,1508.1320812069398
34433,1508.1320812069398
34434,1508.1320812069398
34435,1539.2451643440597
34436,1508.1320812069398
34437,1508.1320812069398
34438,1508.1320812069398
34439,1364.4129459070937
34440,1333.2998627699737
34441,1333.2998627699737
34442,1333.2998627699737
34443,1484.296858859375
34444,1453.1837757222552
34445,1453.1837757222552
34446,1453.1837757222552
34447,1484.296858859375
34448,1453.1837757222552
34449,1453.1837757222552
34450,1453.1837757222552
34451,1484.296858859375
34452,1453.1837757222552
34453,1453.1837757222552
34454,1453.1837757222552
34455,982.3334846338447
34456,950.7632289942021
34457,950.7632289942021
34458,950.7632289942021
34459,982.3334846338447
34460,950.7632289942021
34461,950.7632289942021
34462,950.7632289942021
34463,741.2107744205633
34464,741.2107744205633
34465,741.2107744205633
34466,741.2107744205633
34467,722.827912667112
34468,722.827912667112
34469,722.827912667112
34470,722.827912667112
34471,712.5904516236862
34472,712.5904516236862
34473,712.5904516236862
34474,712.5904516236862
34475,712.5904516236862
34476,712.5904516236862
34477,712.5904516236862
34478,712.5904516236862
34479,712.5904516236862
34480,712.5904516236862
34481,712.5904516236862
34482,712.5904516236862
34483,712.5904516236862
34484,712.5904516236862
34485,712.5904516236862
34486,712.5904516236862
34487,712.5904516236862
34488,712.5904516236862
34489,712.5904516236862
34490,712.5904516236862
34491,712.5904516236862
34492,712.5904516236862
34493,712.5904516236862
34494,712.5904516236862
34495,955.7515091044174
34496,4693.017937201799
34497,7275.136939949331
34498,7478.3067531038605
34499,7036.220780248706
34500,8006.202447740574
34501,8006.202447740574
34502,8006.202447740574
34503,7981.354151568143
34504,7948.19844694154
34505,7924.70525374706
34506,7924.70525374706
34507,8147.182285118014
34508,8156.359302817429
34509,8132.866109622949
34510,8132.866109622949
34511,6785.161123593902
34512,2748.826129709733
34513,2832.5837461904425
34514,2833.1833759886626
34515,4243.433520082965
34516,4682.860838886039
34517,6787.395187494134
34518,6772.780080620418
34519,7585.969246896567
34520,7802.279643083436
34521,8133.98672379253
34522,8056.222578071549
34523,7585.969246896567
34524,7802.279643083436
34525,8133.98672379253
34526,8056.222578071549
34527,7585.955081358431
34528,7802.2654775453
34529,8130.1542643046405
34530,8052.390118583659
34531,6836.161432080558
34532,6313.69121249731
34533,6296.922294385892
34534,4673.561394907269
34535,4395.523961883197
34536,4930.404532129427
34537,5982.195155717623
34538,5862.608647022907
34539,5809.048888190248
34540,5809.048888190248
34541,5809.048888190248
34542,5699.875057128853
34543,5760.0354204299865
34544,6456.77493584943
34545,6454.200921185548
34546,5935.256072717161
34547,2946.494225886901
34548,2121.4806574868994
34549,2107.763689692617
34550,2036.3591079896219
34551,1822.4751858312718
34552,1401.0309679857428
34553,1116.2455467438729
34554,1096.8820121105502
34555,1038.3698915512264
34556,950.7632289942021
34557,950.7632289942021
34558,950.7632289942021
34559,741.2107744205633
34560,905.9978688294932
34561,905.9978688294932
34562,905.9978688294932
34563,887.6150070760418
34564,887.6150070760418
34565,887.6150070760418
34566,887.6150070760418
34567,877.3775460326161
34568,877.3775460326161
34569,877.3775460326161
34570,877.3775460326161
34571,877.3775460326161
34572,877.3775460326161
34573,877.3775460326161
34574,877.3775460326161
34575,877.3775460326161
34576,877.3775460326161
34577,877.3775460326161
34578,877.3775460326161
34579,877.3775460326161
34580,877.3775460326161
34581,877.3775460326161
34582,877.3775460326161
34583,877.3775460326161
34584,877.3775460326161
34585,877.3775460326161
34586,877.3775460326161
34587,877.3775460326161
34588,877.3775460326161
34589,877.3775460326161
34590,877.3775460326161
34591,1294.497295307653
34592,5035.5684270238335
34593,7921.613324247865
34594,7906.597037764665
34595,7242.311087463669
34596,8260.778076226588
34597,8260.778076226588
34598,8260.778076226588
34599,8235.929780054157
34600,8243.16444872419
34601,8219.67125552971
34602,8219.67125552971
34603,8312.752873311754
34604,8321.929891011174
34605,8298.436697816693
34606,8298.436697816693
34607,6861.352977146876
34608,2773.425362213768
34609,2857.1829786944777
34610,2857.782608492698
34611,4218.302828056023
34612,4657.730146859098
34613,6762.264495467192
34614,6747.649388593476
34615,7541.691035603976
34616,7758.001431790845
34617,8089.708512499939
34618,8015.623028089248
34619,7541.691035603976
34620,7758.001431790845
34621,8089.708512499939
34622,8015.623028089248
34623,7529.978542817773
34624,7746.288939004642
34625,8074.177725763982
34626,8000.092241353291
34627,6734.93507204842
34628,6169.462219904609
34629,6152.6933017931915
34630,4542.836373098708
34631,4224.239726665969
34632,4759.120296912199
34633,5810.910920500394
34634,5704.9010850441255
34635,5287.585825091662
34636,5287.585825091662
34637,5287.585825091662
34638,5433.896968365125
34639,5257.586916865382
34640,6010.475995285722
34641,6007.90198062184
34642,5755.413818763086
34643,2898.0238773851142
34644,2073.0103089851127
34645,2059.2933411908302
34646,2004.130463932321
34647,1788.8065991280087
34648,1367.3623812824796
34649,1082.5769600406097
34650,1063.213425407287
34651,1004.7013048479629
34652,1036.3728260959103
34653,1036.3728260959103
34654,1036.3728260959103
34655,905.9978688294932
34656,905.9978688294932
34657,905.9978688294932
34658,905.9978688294932
34659,887.6150070760418
34660,887.6150070760418
34661,887.6150070760418
34662,887.6150070760418
34663,877.3775460326161
34664,877.3775460326161
34665,877.3775460326161
34666,877.3775460326161
34667,877.3775460326161
34668,877.3775460326161
34669,877.3775460326161
34670,877.3775460326161
34671,877.3775460326161
34672,877.3775460326161
34673,877.3775460326161
34674,877.3775460326161
34675,877.3775460326161
34676,877.3775460326161
34677,877.3775460326161
34678,877.3775460326161
34679,877.3775460326161
34680,877.3775460326161
34681,877.3775460326161
34682,877.3775460326161
34683,877.3775460326161
34684,877.3775460326161
34685,877.3775460326161
34686,877.3775460326161
34687,1164.5511572689518
34688,4905.622288985136
34689,7059.33489726523
34690,7174.264748820728
34691,7112.364949424971
34692,7827.804889423742
34693,7827.804889423742
34694,7827.804889423742
34695,7734.450326303268
34696,7214.143015071894
34697,7190.649821877414
34698,7190.649821877414
34699,7270.451335617602
34700,7230.316162038022
34701,7206.822968843542
34702,7206.822968843542
34703,6226.223038308787
34704,2875.417573084373
34705,2924.9036181219894
34706,2925.5032479202096
34707,4379.220833087064
34708,4783.841404152099
34709,6779.758194273938
34710,6765.143087400222
34711,7223.607466450569
34712,7439.917862637438
34713,7771.624943346532
34714,7711.671062416934
34715,7223.607466450569
34716,7439.917862637438
34717,7771.624943346532
34718,7711.671062416934
34719,7223.593300912433
34720,7439.903697099302
34721,7767.792483858642
34722,7707.838602929044
34723,6681.319333950775
34724,5548.29102688395
34725,5531.522108772532
34726,4366.15821014474
34727,3729.4217028676303
34728,4264.302273113855
34729,5171.785883515235
34730,5084.381790997515
34731,4765.898235238682
34732,4765.898235238682
34733,4765.898235238682
34734,4934.468432895237
34735,4735.899327012402
34736,5994.101535974154
34737,5991.527521310272
34738,5739.039359451518
34739,2895.638375634343
34740,2070.6248072343415
34741,2056.907839440059
34742,2001.74496218155
34743,1840.003484529678
34744,1418.559266684149
34745,1133.773845442279
34746,1114.4103108089564
34747,1055.8981902496325
34748,1036.3728260959103
34749,1036.3728260959103
34750,1036.3728260959103
34751,905.9978688294932
34752,905.9978688294932
34753,905.9978688294932
34754,905.9978688294932
34755,887.6150070760418
34756,887.6150070760418
34757,887.6150070760418
34758,887.6150070760418
34759,877.3775460326161
34760,877.3775460326161
34761,877.3775460326161
34762,877.3775460326161
34763,877.3775460326161
34764,877.3775460326161
34765,877.3775460326161
34766,877.3775460326161
34767,877.3775460326161
34768,877.3775460326161
34769,877.3775460326161
34770,877.3775460326161
34771,877.3775460326161
34772,877.3775460326161
34773,877.3775460326161
34774,877.3775460326161
34775,877.3775460326161
34776,877.3775460326161
34777,877.3775460326161
34778,877.3775460326161
34779,877.3775460326161
34780,877.3775460326161
34781,877.3775460326161
34782,877.3775460326161
34783,1113.40577371988
34784,3610.568664526946
34785,4841.566550937404
34786,4857.353846808538
34787,4997.909833370946
34788,3939.157863916625
34789,3652.873088087651
34790,3652.873088087651
34791,1652.7824422474607
34792,1621.6693591103408
34793,1611.2631243687306
34794,1611.2631243687306
34795,1416.6163465874506
34796,1385.5032634503307
34797,1385.5032634503307
34798,1385.5032634503307
34799,1440.5907096471235
34800,1409.4776265100036
34801,1409.4776265100036
34802,1409.4776265100036
34803,1568.247096931245
34804,1537.1340137941252
34805,1537.1340137941252
34806,1537.1340137941252
34807,1568.247096931245
34808,1537.1340137941252
34809,1537.1340137941252
34810,1537.1340137941252
34811,1568.247096931245
34812,1537.1340137941252
34813,1537.1340137941252
34814,1537.1340137941252
34815,1568.247096931245
34816,1537.1340137941252
34817,1537.1340137941252
34818,1537.1340137941252
34819,1568.247096931245
34820,1537.1340137941252
34821,1537.1340137941252
34822,1537.1340137941252
34823,1450.0225430088026
34824,1418.9094598716827
34825,1418.9094598716827
34826,1418.9094598716827
34827,1569.906455961084
34828,1538.793372823964
34829,1538.793372823964
34830,1538.793372823964
34831,1569.906455961084
34832,1538.793372823964
34833,1538.793372823964
34834,1538.793372823964
34835,1569.906455961084
34836,1538.793372823964
34837,1538.793372823964
34838,1538.793372823964
34839,1034.992942799515
34840,1003.422687159873
34841,1003.422687159873
34842,1003.422687159873
34843,1034.992942799515
34844,1003.422687159873
34845,1003.422687159873
34846,1003.422687159873
34847,905.9978688294932
34848,877.9445990271665
34849,877.9445990271665
34850,877.9445990271665
34851,863.64801233604
34852,863.64801233604
34853,863.64801233604
34854,863.64801233604
34855,854.4161920813815
34856,854.4161920813815
34857,854.4161920813815
34858,854.4161920813815
34859,854.4161920813815
34860,854.4161920813815
34861,854.4161920813815
34862,854.4161920813815
34863,854.4161920813815
34864,854.4161920813815
34865,854.4161920813815
34866,854.4161920813815
34867,854.4161920813815
34868,854.4161920813815
34869,854.4161920813815
34870,854.4161920813815
34871,854.4161920813815
34872,854.4161920813815
34873,854.4161920813815
34874,854.4161920813815
34875,854.4161920813815
34876,854.4161920813815
34877,854.4161920813815
34878,854.4161920813815
34879,1499.8851408302398
34880,2223.508754876664
34881,2427.95011813261
34882,2598.713064267901
34883,3053.7830268299476
34884,1995.031057375629
34885,1522.659831100353
34886,1643.5004781609523
34887,1474.110518641653
34888,1442.997435504533
34889,1432.5912007629229
34890,1553.4318478235223
34891,1416.6163465874506
34892,1385.5032634503307
34893,1385.5032634503307
34894,1385.5032634503307
34895,1440.5907096471235
34896,1409.4776265100036
34897,1409.4776265100036
34898,1409.4776265100036
34899,1568.247096931245
34900,1537.1340137941252
34901,1537.1340137941252
34902,1537.1340137941252
34903,1568.247096931245
34904,1537.1340137941252
34905,1537.1340137941252
34906,1537.1340137941252
34907,1568.247096931245
34908,1537.1340137941252
34909,1537.1340137941252
34910,1537.1340137941252
34911,1568.247096931245
34912,1537.1340137941252
34913,1537.1340137941252
34914,1537.1340137941252
34915,1568.247096931245
34916,1537.1340137941252
34917,1537.1340137941252
34918,1537.1340137941252
34919,1450.0225430088026
34920,1418.9094598716827
34921,1418.9094598716827
34922,1418.9094598716827
34923,1569.906455961084
34924,1538.793372823964
34925,1538.793372823964
34926,1538.793372823964
34927,1569.906455961084
34928,1538.793372823964
34929,1538.793372823964
34930,1538.793372823964
34931,1569.906455961084
34932,1538.793372823964
34933,1538.793372823964
34934,1538.793372823964
34935,1067.943081735553
34936,1036.3728260959103
34937,1036.3728260959103
34938,1036.3728260959103
34939,1067.943081735553
34940,1036.3728260959103
34941,1036.3728260959103
34942,1036.3728260959103
34943,877.9445990271665
34944,905.9978688294932
34945,905.9978688294932
34946,905.9978688294932
34947,887.6150070760418
34948,887.6150070760418
34949,887.6150070760418
34950,887.6150070760418
34951,877.3775460326161
34952,877.3775460326161
34953,877.3775460326161
34954,877.3775460326161
34955,877.3775460326161
34956,877.3775460326161
34957,877.3775460326161
34958,877.3775460326161
34959,877.3775460326161
34960,877.3775460326161
34961,877.3775460326161
34962,877.3775460326161
34963,877.3775460326161
34964,877.3775460326161
34965,877.3775460326161
34966,877.3775460326161
34967,877.3775460326161
34968,877.3775460326161
34969,877.3775460326161
34970,877.3775460326161
34971,877.3775460326161
34972,877.3775460326161
34973,877.3775460326161
34974,877.3775460326161
34975,949.4806752486653
34976,4361.365443269644
34977,7010.653111061641
34978,7194.10396644128
34979,7033.412650601358
34980,5974.660681147037
34981,6118.574919730092
34982,6238.891380334337
34983,1505.3813167021815
34984,1474.2682335650616
34985,1463.8619988234514
34986,1571.490550183349
34987,1416.6163465874506
34988,1385.5032634503307
34989,1385.5032634503307
34990,1385.5032634503307
34991,1440.5907096471235
34992,1409.4776265100036
34993,1409.4776265100036
34994,1409.4776265100036
34995,1568.247096931245
34996,1537.1340137941252
34997,1537.1340137941252
34998,1537.1340137941252
34999,1568.247096931245
35000,1537.1340137941252
35001,1537.1340137941252
35002,1537.1340137941252
35003,1568.247096931245
35004,1537.1340137941252
35005,1537.1340137941252
35006,1537.1340137941252
35007,1568.247096931245
35008,1537.1340137941252
35009,1537.1340137941252
35010,1537.1340137941252
35011,1568.247096931245
35012,1537.1340137941252
35013,1537.1340137941252
35014,1537.1340137941252
35015,1450.0225430088026
35016,1418.9094598716827
35017,1418.9094598716827
35018,1418.9094598716827
35019,1569.906455961084
35020,1538.793372823964
35021,1538.793372823964
35022,1538.793372823964
35023,1569.906455961084
35024,1538.793372823964
35025,1538.793372823964
35026,1538.793372823964
35027,1569.906455961084
35028,1538.793372823964
35029,1538.793372823964
35030,1538.793372823964
35031,1067.943081735553
35032,1036.3728260959103
35033,1036.3728260959103
35034,1036.3728260959103
35035,1067.943081735553
35036,1036.3728260959103
35037,1036.3728260959103
35038,1036.3728260959103
35039,905.9978688294932
