측정일시,pred_bill
2024-12-01 00:00:00,1377.5366
2024-12-01 00:15:00,1430.8733
2024-12-01 00:30:00,1503.7916
2024-12-01 00:45:00,1346.885
2024-12-01 01:00:00,1481.5117
2024-12-01 01:15:00,1397.8175
2024-12-01 01:30:00,1236.6859
2024-12-01 01:45:00,1237.047
2024-12-01 02:00:00,1194.633
2024-12-01 02:15:00,1194.8888
2024-12-01 02:30:00,1197.4934
2024-12-01 02:45:00,1155.1973
2024-12-01 03:00:00,1054.9785
2024-12-01 03:15:00,1180.6288
2024-12-01 03:30:00,1273.0731
2024-12-01 03:45:00,1460.5251
2024-12-01 04:00:00,1220.3608
2024-12-01 04:15:00,1082.7753
2024-12-01 04:30:00,1174.873
2024-12-01 04:45:00,1254.1854
2024-12-01 05:00:00,1336.969
2024-12-01 05:15:00,1289.8433
2024-12-01 05:30:00,1105.282
2024-12-01 05:45:00,1089.7418
2024-12-01 06:00:00,1263.5704
2024-12-01 06:15:00,952.8129
2024-12-01 06:30:00,1088.1417
2024-12-01 06:45:00,1136.3689
2024-12-01 07:00:00,1316.4456
2024-12-01 07:15:00,1394.3463
2024-12-01 07:30:00,1488.4412
2024-12-01 07:45:00,1034.2432
2024-12-01 08:00:00,837.67114
2024-12-01 08:15:00,2870.2515
2024-12-01 08:30:00,4775.3755
2024-12-01 08:45:00,4892.879
2024-12-01 09:00:00,4762.0938
2024-12-01 09:15:00,4678.7554
2024-12-01 09:30:00,4470.256
2024-12-01 09:45:00,3829.5266
2024-12-01 10:00:00,3592.093
2024-12-01 10:15:00,3540.0942
2024-12-01 10:30:00,3533.4705
2024-12-01 10:45:00,3583.4607
2024-12-01 11:00:00,3254.1985
2024-12-01 11:15:00,3251.572
2024-12-01 11:30:00,3478.7512
2024-12-01 11:45:00,3204.5488
2024-12-01 12:00:00,3031.972
2024-12-01 12:15:00,1730.9236
2024-12-01 12:30:00,2104.423
2024-12-01 12:45:00,2328.6873
2024-12-01 13:00:00,1374.1779
2024-12-01 13:15:00,2469.1646
2024-12-01 13:30:00,3548.0002
2024-12-01 13:45:00,3437.935
2024-12-01 14:00:00,3962.3713
2024-12-01 14:15:00,4334.803
2024-12-01 14:30:00,4567.787
2024-12-01 14:45:00,4414.68
2024-12-01 15:00:00,4903.2085
2024-12-01 15:15:00,4732.962
2024-12-01 15:30:00,4472.5664
2024-12-01 15:45:00,4573.1973
2024-12-01 16:00:00,4253.169
2024-12-01 16:15:00,4269.9463
2024-12-01 16:30:00,4060.8157
2024-12-01 16:45:00,3451.3433
2024-12-01 17:00:00,2520.2024
2024-12-01 17:15:00,2087.356
2024-12-01 17:30:00,2299.3206
2024-12-01 17:45:00,1829.5327
2024-12-01 18:00:00,1327.9532
2024-12-01 18:15:00,1220.3857
2024-12-01 18:30:00,1402.6904
2024-12-01 18:45:00,1788.7252
2024-12-01 19:00:00,2387.5396
2024-12-01 19:15:00,2607.0583
2024-12-01 19:30:00,2611.952
2024-12-01 19:45:00,2879.1455
2024-12-01 20:00:00,2902.2231
2024-12-01 20:15:00,2670.706
2024-12-01 20:30:00,2547.158
2024-12-01 20:45:00,2447.324
2024-12-01 21:00:00,2293.705
2024-12-01 21:15:00,2280.918
2024-12-01 21:30:00,2292.194
2024-12-01 21:45:00,2050.0486
2024-12-01 22:00:00,1852.1852
2024-12-01 22:15:00,1426.3097
2024-12-01 22:30:00,1224.1852
2024-12-01 22:45:00,1173.4279
2024-12-01 23:00:00,1031.894
2024-12-01 23:15:00,785.0994
2024-12-01 23:30:00,821.2918
2024-12-01 23:45:00,790.78064
2024-12-02 00:00:00,907.22235
2024-12-02 00:15:00,916.7318
2024-12-02 00:30:00,877.839
2024-12-02 00:45:00,891.0543
2024-12-02 01:00:00,892.2413
2024-12-02 01:15:00,907.7498
2024-12-02 01:30:00,956.96857
2024-12-02 01:45:00,931.50604
2024-12-02 02:00:00,870.7103
2024-12-02 02:15:00,832.5495
2024-12-02 02:30:00,918.92285
2024-12-02 02:45:00,850.8066
2024-12-02 03:00:00,889.36316
2024-12-02 03:15:00,852.76666
2024-12-02 03:30:00,911.44147
2024-12-02 03:45:00,981.47974
2024-12-02 04:00:00,920.51624
2024-12-02 04:15:00,862.4379
2024-12-02 04:30:00,794.09076
2024-12-02 04:45:00,832.0279
2024-12-02 05:00:00,724.17395
2024-12-02 05:15:00,703.63116
2024-12-02 05:30:00,660.1169
2024-12-02 05:45:00,721.14044
2024-12-02 06:00:00,786.19696
2024-12-02 06:15:00,739.8936
2024-12-02 06:30:00,765.3798
2024-12-02 06:45:00,844.9101
2024-12-02 07:00:00,917.9963
2024-12-02 07:15:00,939.2997
2024-12-02 07:30:00,1198.357
2024-12-02 07:45:00,1364.8049
2024-12-02 08:00:00,1497.7119
2024-12-02 08:15:00,1731.1117
2024-12-02 08:30:00,1971.0234
2024-12-02 08:45:00,2081.8599
2024-12-02 09:00:00,2336.6926
2024-12-02 09:15:00,2370.0361
2024-12-02 09:30:00,2442.5593
2024-12-02 09:45:00,2372.2468
2024-12-02 10:00:00,2389.6155
2024-12-02 10:15:00,2297.4478
2024-12-02 10:30:00,2428.1443
2024-12-02 10:45:00,2242.0886
2024-12-02 11:00:00,2175.3074
2024-12-02 11:15:00,1981.6064
2024-12-02 11:30:00,1974.5076
2024-12-02 11:45:00,1951.8972
2024-12-02 12:00:00,2015.8268
2024-12-02 12:15:00,2091.842
2024-12-02 12:30:00,2197.4268
2024-12-02 12:45:00,2316.2136
2024-12-02 13:00:00,2374.2136
2024-12-02 13:15:00,2543.9272
2024-12-02 13:30:00,2786.037
2024-12-02 13:45:00,2732.0654
2024-12-02 14:00:00,2743.7534
2024-12-02 14:15:00,2790.3157
2024-12-02 14:30:00,2686.3743
2024-12-02 14:45:00,2559.356
2024-12-02 15:00:00,2664.7617
2024-12-02 15:15:00,2622.298
2024-12-02 15:30:00,2601.7075
2024-12-02 15:45:00,2576.146
2024-12-02 16:00:00,2502.439
2024-12-02 16:15:00,2454.1152
2024-12-02 16:30:00,2407.5828
2024-12-02 16:45:00,2280.5698
2024-12-02 17:00:00,2071.898
2024-12-02 17:15:00,2053.9045
2024-12-02 17:30:00,1992.7444
2024-12-02 17:45:00,1963.6294
2024-12-02 18:00:00,1796.36
2024-12-02 18:15:00,1738.7737
2024-12-02 18:30:00,1906.3027
2024-12-02 18:45:00,1963.0433
2024-12-02 19:00:00,2275.0376
2024-12-02 19:15:00,2545.1484
2024-12-02 19:30:00,2596.8684
2024-12-02 19:45:00,2627.1003
2024-12-02 20:00:00,2771.041
2024-12-02 20:15:00,2677.232
2024-12-02 20:30:00,2644.6309
2024-12-02 20:45:00,2589.248
2024-12-02 21:00:00,2453.2278
2024-12-02 21:15:00,2412.033
2024-12-02 21:30:00,2403.513
2024-12-02 21:45:00,2175.622
2024-12-02 22:00:00,1934.3386
2024-12-02 22:15:00,1633.2703
2024-12-02 22:30:00,1326.2988
2024-12-02 22:45:00,1147.1271
2024-12-02 23:00:00,989.55347
2024-12-02 23:15:00,926.1175
2024-12-02 23:30:00,992.593
2024-12-02 23:45:00,1099.776
2024-12-03 00:00:00,549.4011
2024-12-03 00:15:00,570.3629
2024-12-03 00:30:00,660.73016
2024-12-03 00:45:00,662.7969
2024-12-03 01:00:00,478.50183
2024-12-03 01:15:00,877.7916
2024-12-03 01:30:00,368.78165
2024-12-03 01:45:00,262.90213
2024-12-03 02:00:00,678.3011
2024-12-03 02:15:00,311.61868
2024-12-03 02:30:00,503.625
2024-12-03 02:45:00,567.91437
2024-12-03 03:00:00,661.6106
2024-12-03 03:15:00,549.9211
2024-12-03 03:30:00,629.0155
2024-12-03 03:45:00,741.6934
2024-12-03 04:00:00,705.35596
2024-12-03 04:15:00,853.15704
2024-12-03 04:30:00,827.5236
2024-12-03 04:45:00,543.2157
2024-12-03 05:00:00,876.5647
2024-12-03 05:15:00,1050.2725
2024-12-03 05:30:00,1029.0024
2024-12-03 05:45:00,1282.0773
2024-12-03 06:00:00,1302.181
2024-12-03 06:15:00,1301.9137
2024-12-03 06:30:00,1678.97
2024-12-03 06:45:00,1665.8704
2024-12-03 07:00:00,1578.2524
2024-12-03 07:15:00,1809.4504
2024-12-03 07:30:00,1683.4126
2024-12-03 07:45:00,1605.5851
2024-12-03 08:00:00,1324.258
2024-12-03 08:15:00,5283.366
2024-12-03 08:30:00,9512.238
2024-12-03 08:45:00,9707.601
2024-12-03 09:00:00,9301.978
2024-12-03 09:15:00,9399.916
2024-12-03 09:30:00,9209.173
2024-12-03 09:45:00,9251.298
2024-12-03 10:00:00,8918.309
2024-12-03 10:15:00,8095.301
2024-12-03 10:30:00,8209.235
2024-12-03 10:45:00,7942.398
2024-12-03 11:00:00,8109.6226
2024-12-03 11:15:00,9818.604
2024-12-03 11:30:00,10448.23
2024-12-03 11:45:00,11385.567
2024-12-03 12:00:00,10886.099
2024-12-03 12:15:00,4713.9893
2024-12-03 12:30:00,2523.5955
2024-12-03 12:45:00,2544.4734
2024-12-03 13:00:00,2456.283
2024-12-03 13:15:00,6242.294
2024-12-03 13:30:00,9851.853
2024-12-03 13:45:00,10055.722
2024-12-03 14:00:00,9529.522
2024-12-03 14:15:00,9552.474
2024-12-03 14:30:00,9758.685
2024-12-03 14:45:00,9495.065
2024-12-03 15:00:00,9253.315
2024-12-03 15:15:00,9751.041
2024-12-03 15:30:00,9351.577
2024-12-03 15:45:00,9844.883
2024-12-03 16:00:00,9086.362
2024-12-03 16:15:00,8794.237
2024-12-03 16:30:00,8511.284
2024-12-03 16:45:00,9242.504
2024-12-03 17:00:00,10022.173
2024-12-03 17:15:00,10373.688
2024-12-03 17:30:00,8822.464
2024-12-03 17:45:00,4072.84
2024-12-03 18:00:00,3455.2097
2024-12-03 18:15:00,7392.521
2024-12-03 18:30:00,10765.765
2024-12-03 18:45:00,10012.7295
2024-12-03 19:00:00,9431.539
2024-12-03 19:15:00,9879.429
2024-12-03 19:30:00,10035.07
2024-12-03 19:45:00,10128.704
2024-12-03 20:00:00,9697.227
2024-12-03 20:15:00,9736.386
2024-12-03 20:30:00,9262.661
2024-12-03 20:45:00,8031.9897
2024-12-03 21:00:00,6514.2373
2024-12-03 21:15:00,4337.061
2024-12-03 21:30:00,2660.3623
2024-12-03 21:45:00,2307.6565
2024-12-03 22:00:00,2303.5625
2024-12-03 22:15:00,1820.9232
2024-12-03 22:30:00,1492.8284
2024-12-03 22:45:00,1671.3351
2024-12-03 23:00:00,1474.1802
2024-12-03 23:15:00,990.9917
2024-12-03 23:30:00,336.16776
2024-12-03 23:45:00,301.24982
2024-12-04 00:00:00,1121.9719
2024-12-04 00:15:00,977.72723
2024-12-04 00:30:00,909.41046
2024-12-04 00:45:00,943.7703
2024-12-04 01:00:00,834.73114
2024-12-04 01:15:00,701.7845
2024-12-04 01:30:00,1097.3043
2024-12-04 01:45:00,869.9265
2024-12-04 02:00:00,840.54767
2024-12-04 02:15:00,434.76022
2024-12-04 02:30:00,609.13007
2024-12-04 02:45:00,698.5542
2024-12-04 03:00:00,666.41003
2024-12-04 03:15:00,559.6544
2024-12-04 03:30:00,397.60406
2024-12-04 03:45:00,565.2848
2024-12-04 04:00:00,782.6032
2024-12-04 04:15:00,708.26196
2024-12-04 04:30:00,729.50305
2024-12-04 04:45:00,636.0823
2024-12-04 05:00:00,516.8969
2024-12-04 05:15:00,428.5858
2024-12-04 05:30:00,540.8948
2024-12-04 05:45:00,622.7417
2024-12-04 06:00:00,621.72
2024-12-04 06:15:00,274.11316
2024-12-04 06:30:00,606.10754
2024-12-04 06:45:00,545.2256
2024-12-04 07:00:00,517.60156
2024-12-04 07:15:00,850.6639
2024-12-04 07:30:00,693.1645
2024-12-04 07:45:00,178.49168
2024-12-04 08:00:00,387.37344
2024-12-04 08:15:00,6711.484
2024-12-04 08:30:00,11657.732
2024-12-04 08:45:00,11079.804
2024-12-04 09:00:00,9880.71
2024-12-04 09:15:00,9926.168
2024-12-04 09:30:00,10320.58
2024-12-04 09:45:00,10833.368
2024-12-04 10:00:00,11080.55
2024-12-04 10:15:00,10621.291
2024-12-04 10:30:00,10586.179
2024-12-04 10:45:00,10234.545
2024-12-04 11:00:00,10393.947
2024-12-04 11:15:00,11997.982
2024-12-04 11:30:00,11928.073
2024-12-04 11:45:00,12548.845
2024-12-04 12:00:00,10543.146
2024-12-04 12:15:00,2648.4243
2024-12-04 12:30:00,2430.527
2024-12-04 12:45:00,1774.3898
2024-12-04 13:00:00,2162.4543
2024-12-04 13:15:00,7281.0107
2024-12-04 13:30:00,11132.073
2024-12-04 13:45:00,10301.714
2024-12-04 14:00:00,9658.894
2024-12-04 14:15:00,8625.193
2024-12-04 14:30:00,8588.3
2024-12-04 14:45:00,8228.229
2024-12-04 15:00:00,8775.973
2024-12-04 15:15:00,8590.989
2024-12-04 15:30:00,7891.1226
2024-12-04 15:45:00,7963.3994
2024-12-04 16:00:00,7427.777
2024-12-04 16:15:00,7576.036
2024-12-04 16:30:00,8106.821
2024-12-04 16:45:00,8683.894
2024-12-04 17:00:00,7935.514
2024-12-04 17:15:00,7668.2
2024-12-04 17:30:00,6802.357
2024-12-04 17:45:00,3607.4194
2024-12-04 18:00:00,3588.4402
2024-12-04 18:15:00,5154.446
2024-12-04 18:30:00,6730.0386
2024-12-04 18:45:00,6082.2715
2024-12-04 19:00:00,6260.1963
2024-12-04 19:15:00,6046.257
2024-12-04 19:30:00,6171.8335
2024-12-04 19:45:00,6090.6553
2024-12-04 20:00:00,5780.7544
2024-12-04 20:15:00,6162.3267
2024-12-04 20:30:00,6410.2734
2024-12-04 20:45:00,5076.8374
2024-12-04 21:00:00,3416.5708
2024-12-04 21:15:00,2591.3816
2024-12-04 21:30:00,3055.7585
2024-12-04 21:45:00,3122.2344
2024-12-04 22:00:00,2858.8457
2024-12-04 22:15:00,1678.3528
2024-12-04 22:30:00,1119.0558
2024-12-04 22:45:00,1221.6287
2024-12-04 23:00:00,1129.5679
2024-12-04 23:15:00,730.07874
2024-12-04 23:30:00,692.495
2024-12-04 23:45:00,1134.167
2024-12-05 00:00:00,1235.3756
2024-12-05 00:15:00,1152.5543
2024-12-05 00:30:00,1186.2947
2024-12-05 00:45:00,1158.3035
2024-12-05 01:00:00,1214.6915
2024-12-05 01:15:00,1088.2687
2024-12-05 01:30:00,1030.0524
2024-12-05 01:45:00,900.60657
2024-12-05 02:00:00,892.0169
2024-12-05 02:15:00,608.8562
2024-12-05 02:30:00,796.348
2024-12-05 02:45:00,840.646
2024-12-05 03:00:00,955.7486
2024-12-05 03:15:00,642.2879
2024-12-05 03:30:00,741.0284
2024-12-05 03:45:00,934.078
2024-12-05 04:00:00,943.65967
2024-12-05 04:15:00,992.7578
2024-12-05 04:30:00,839.26355
2024-12-05 04:45:00,793.595
2024-12-05 05:00:00,731.7415
2024-12-05 05:15:00,820.93115
2024-12-05 05:30:00,776.54016
2024-12-05 05:45:00,965.5392
2024-12-05 06:00:00,1256.2207
2024-12-05 06:15:00,875.5751
2024-12-05 06:30:00,1063.8057
2024-12-05 06:45:00,1052.5802
2024-12-05 07:00:00,1034.6969
2024-12-05 07:15:00,1183.9904
2024-12-05 07:30:00,1443.9218
2024-12-05 07:45:00,1381.7161
2024-12-05 08:00:00,1579.8448
2024-12-05 08:15:00,5965.5513
2024-12-05 08:30:00,9101.851
2024-12-05 08:45:00,8667.275
2024-12-05 09:00:00,8012.71
2024-12-05 09:15:00,7732.3286
2024-12-05 09:30:00,7807.3477
2024-12-05 09:45:00,8015.541
2024-12-05 10:00:00,7844.4243
2024-12-05 10:15:00,7487.072
2024-12-05 10:30:00,7118.0005
2024-12-05 10:45:00,7056.379
2024-12-05 11:00:00,7133.8296
2024-12-05 11:15:00,7875.4004
2024-12-05 11:30:00,8011.9404
2024-12-05 11:45:00,8113.8677
2024-12-05 12:00:00,7005.5767
2024-12-05 12:15:00,2654.6294
2024-12-05 12:30:00,2269.1038
2024-12-05 12:45:00,2110.5244
2024-12-05 13:00:00,2167.6035
2024-12-05 13:15:00,4930.1646
2024-12-05 13:30:00,7404.8735
2024-12-05 13:45:00,7141.8887
2024-12-05 14:00:00,7091.764
2024-12-05 14:15:00,7271.0044
2024-12-05 14:30:00,7367.608
2024-12-05 14:45:00,7262.1797
2024-12-05 15:00:00,7771.229
2024-12-05 15:15:00,7715.5005
2024-12-05 15:30:00,7478.5327
2024-12-05 15:45:00,8495.221
2024-12-05 16:00:00,8200.843
2024-12-05 16:15:00,8402.158
2024-12-05 16:30:00,9014.154
2024-12-05 16:45:00,9499.3125
2024-12-05 17:00:00,8908.527
2024-12-05 17:15:00,7963.3594
2024-12-05 17:30:00,6562.5747
2024-12-05 17:45:00,3676.998
2024-12-05 18:00:00,3069.3506
2024-12-05 18:15:00,3696.8713
2024-12-05 18:30:00,5296.1895
2024-12-05 18:45:00,5010.276
2024-12-05 19:00:00,5010.3164
2024-12-05 19:15:00,5223.9883
2024-12-05 19:30:00,5159.855
2024-12-05 19:45:00,5360.0913
2024-12-05 20:00:00,5529.925
2024-12-05 20:15:00,5593.418
2024-12-05 20:30:00,5535.917
2024-12-05 20:45:00,4369.351
2024-12-05 21:00:00,3273.1582
2024-12-05 21:15:00,2597.416
2024-12-05 21:30:00,2405.9666
2024-12-05 21:45:00,2601.9624
2024-12-05 22:00:00,2452.634
2024-12-05 22:15:00,1345.2008
2024-12-05 22:30:00,905.71027
2024-12-05 22:45:00,1060.738
2024-12-05 23:00:00,1099.2557
2024-12-05 23:15:00,943.23883
2024-12-05 23:30:00,777.24713
2024-12-05 23:45:00,835.66266
2024-12-06 00:00:00,448.48828
2024-12-06 00:15:00,442.42615
2024-12-06 00:30:00,468.17426
2024-12-06 00:45:00,573.8402
2024-12-06 01:00:00,567.06116
2024-12-06 01:15:00,639.54626
2024-12-06 01:30:00,450.12845
2024-12-06 01:45:00,407.7738
2024-12-06 02:00:00,598.57367
2024-12-06 02:15:00,242.77827
2024-12-06 02:30:00,382.84113
2024-12-06 02:45:00,439.94254
2024-12-06 03:00:00,309.3837
2024-12-06 03:15:00,42.974327
2024-12-06 03:30:00,54.80975
2024-12-06 03:45:00,191.5683
2024-12-06 04:00:00,272.29532
2024-12-06 04:15:00,430.28256
2024-12-06 04:30:00,348.46704
2024-12-06 04:45:00,241.22003
2024-12-06 05:00:00,416.46255
2024-12-06 05:15:00,549.6206
2024-12-06 05:30:00,476.71393
2024-12-06 05:45:00,649.8096
2024-12-06 06:00:00,611.3085
2024-12-06 06:15:00,359.53967
2024-12-06 06:30:00,754.30334
2024-12-06 06:45:00,680.01337
2024-12-06 07:00:00,775.48145
2024-12-06 07:15:00,662.72595
2024-12-06 07:30:00,625.7476
2024-12-06 07:45:00,228.76138
2024-12-06 08:00:00,509.22934
2024-12-06 08:15:00,6191.743
2024-12-06 08:30:00,10059.72
2024-12-06 08:45:00,9509.238
2024-12-06 09:00:00,8499.776
2024-12-06 09:15:00,8076.5903
2024-12-06 09:30:00,7849.318
2024-12-06 09:45:00,8083.226
2024-12-06 10:00:00,7849.585
2024-12-06 10:15:00,7019.09
2024-12-06 10:30:00,6754.77
2024-12-06 10:45:00,6240.7046
2024-12-06 11:00:00,6169.6987
2024-12-06 11:15:00,7487.0415
2024-12-06 11:30:00,7854.537
2024-12-06 11:45:00,8838.409
2024-12-06 12:00:00,7704.03
2024-12-06 12:15:00,1781.8093
2024-12-06 12:30:00,2344.8901
2024-12-06 12:45:00,1752.639
2024-12-06 13:00:00,1855.9487
2024-12-06 13:15:00,5639.1436
2024-12-06 13:30:00,8392.374
2024-12-06 13:45:00,7873.162
2024-12-06 14:00:00,7835.309
2024-12-06 14:15:00,7345.6255
2024-12-06 14:30:00,7315.1274
2024-12-06 14:45:00,6865.9204
2024-12-06 15:00:00,6752.022
2024-12-06 15:15:00,6490.844
2024-12-06 15:30:00,6224.2393
2024-12-06 15:45:00,7093.569
2024-12-06 16:00:00,6736.533
2024-12-06 16:15:00,6983.3364
2024-12-06 16:30:00,6927.204
2024-12-06 16:45:00,7084.3335
2024-12-06 17:00:00,6510.76
2024-12-06 17:15:00,6227.934
2024-12-06 17:30:00,5341.701
2024-12-06 17:45:00,2396.9695
2024-12-06 18:00:00,2867.988
2024-12-06 18:15:00,4942.7603
2024-12-06 18:30:00,7303.27
2024-12-06 18:45:00,6347.837
2024-12-06 19:00:00,6343.138
2024-12-06 19:15:00,6470.802
2024-12-06 19:30:00,6711.443
2024-12-06 19:45:00,6978.585
2024-12-06 20:00:00,7244.636
2024-12-06 20:15:00,7395.368
2024-12-06 20:30:00,7468.693
2024-12-06 20:45:00,5938.365
2024-12-06 21:00:00,3860.6384
2024-12-06 21:15:00,2691.3513
2024-12-06 21:30:00,2403.3677
2024-12-06 21:45:00,2573.491
2024-12-06 22:00:00,2232.9106
2024-12-06 22:15:00,1177.9315
2024-12-06 22:30:00,564.56494
2024-12-06 22:45:00,629.4779
2024-12-06 23:00:00,747.5699
2024-12-06 23:15:00,534.3663
2024-12-06 23:30:00,587.5363
2024-12-06 23:45:00,760.7425
2024-12-07 00:00:00,572.2633
2024-12-07 00:15:00,528.3719
2024-12-07 00:30:00,506.7254
2024-12-07 00:45:00,603.1393
2024-12-07 01:00:00,608.6531
2024-12-07 01:15:00,635.7507
2024-12-07 01:30:00,659.77545
2024-12-07 01:45:00,596.4753
2024-12-07 02:00:00,441.35504
2024-12-07 02:15:00,248.20671
2024-12-07 02:30:00,571.2829
2024-12-07 02:45:00,670.49414
2024-12-07 03:00:00,624.419
2024-12-07 03:15:00,576.1682
2024-12-07 03:30:00,573.29254
2024-12-07 03:45:00,723.2491
2024-12-07 04:00:00,873.49554
2024-12-07 04:15:00,879.94745
2024-12-07 04:30:00,792.5255
2024-12-07 04:45:00,832.7515
2024-12-07 05:00:00,785.0274
2024-12-07 05:15:00,914.0389
2024-12-07 05:30:00,968.45294
2024-12-07 05:45:00,1175.055
2024-12-07 06:00:00,1268.1157
2024-12-07 06:15:00,1022.3368
2024-12-07 06:30:00,1276.738
2024-12-07 06:45:00,1167.082
2024-12-07 07:00:00,931.5217
2024-12-07 07:15:00,922.99274
2024-12-07 07:30:00,658.43915
2024-12-07 07:45:00,445.17722
2024-12-07 08:00:00,850.31885
2024-12-07 08:15:00,5722.188
2024-12-07 08:30:00,9534.06
2024-12-07 08:45:00,9517.348
2024-12-07 09:00:00,8932.434
2024-12-07 09:15:00,8387.36
2024-12-07 09:30:00,7891.3203
2024-12-07 09:45:00,7797.9736
2024-12-07 10:00:00,7499.398
2024-12-07 10:15:00,6754.1396
2024-12-07 10:30:00,6776.7915
2024-12-07 10:45:00,6891.3726
2024-12-07 11:00:00,7504.2876
2024-12-07 11:15:00,8742.979
2024-12-07 11:30:00,8926.606
2024-12-07 11:45:00,9386.113
2024-12-07 12:00:00,7895.2383
2024-12-07 12:15:00,2423.4927
2024-12-07 12:30:00,2589.2625
2024-12-07 12:45:00,1928.6407
2024-12-07 13:00:00,2319.493
2024-12-07 13:15:00,5882.686
2024-12-07 13:30:00,8377.451
2024-12-07 13:45:00,7861.108
2024-12-07 14:00:00,7991.7866
2024-12-07 14:15:00,7954.9697
2024-12-07 14:30:00,8231.87
2024-12-07 14:45:00,8003.279
2024-12-07 15:00:00,8281.274
2024-12-07 15:15:00,7994.526
2024-12-07 15:30:00,7617.7925
2024-12-07 15:45:00,8078.904
2024-12-07 16:00:00,7226.2915
2024-12-07 16:15:00,7121.9126
2024-12-07 16:30:00,6990.445
2024-12-07 16:45:00,7090.759
2024-12-07 17:00:00,6663.533
2024-12-07 17:15:00,6282.4463
2024-12-07 17:30:00,5172.028
2024-12-07 17:45:00,2586.4905
2024-12-07 18:00:00,2996.6694
2024-12-07 18:15:00,4549.7056
2024-12-07 18:30:00,6125.5234
2024-12-07 18:45:00,5577.863
2024-12-07 19:00:00,5868.6
2024-12-07 19:15:00,5888.8545
2024-12-07 19:30:00,5940.666
2024-12-07 19:45:00,5683.8545
2024-12-07 20:00:00,5585.661
2024-12-07 20:15:00,5734.8584
2024-12-07 20:30:00,5621.972
2024-12-07 20:45:00,4342.433
2024-12-07 21:00:00,2789.4578
2024-12-07 21:15:00,2155.368
2024-12-07 21:30:00,2286.1692
2024-12-07 21:45:00,2323.3677
2024-12-07 22:00:00,1938.9468
2024-12-07 22:15:00,1017.88715
2024-12-07 22:30:00,735.3954
2024-12-07 22:45:00,751.0788
2024-12-07 23:00:00,743.4806
2024-12-07 23:15:00,475.1592
2024-12-07 23:30:00,438.47406
2024-12-07 23:45:00,628.0602
2024-12-08 00:00:00,923.60144
2024-12-08 00:15:00,954.3094
2024-12-08 00:30:00,983.5919
2024-12-08 00:45:00,889.2555
2024-12-08 01:00:00,918.28314
2024-12-08 01:15:00,860.5961
2024-12-08 01:30:00,802.71515
2024-12-08 01:45:00,732.72046
2024-12-08 02:00:00,659.2488
2024-12-08 02:15:00,585.00665
2024-12-08 02:30:00,647.7287
2024-12-08 02:45:00,577.61914
2024-12-08 03:00:00,473.2566
2024-12-08 03:15:00,490.86853
2024-12-08 03:30:00,568.2991
2024-12-08 03:45:00,743.11896
2024-12-08 04:00:00,566.8973
2024-12-08 04:15:00,478.0995
2024-12-08 04:30:00,494.31168
2024-12-08 04:45:00,613.926
2024-12-08 05:00:00,640.83405
2024-12-08 05:15:00,618.8929
2024-12-08 05:30:00,510.18558
2024-12-08 05:45:00,471.49817
2024-12-08 06:00:00,568.8158
2024-12-08 06:15:00,302.10574
2024-12-08 06:30:00,319.08276
2024-12-08 06:45:00,384.694
2024-12-08 07:00:00,493.92773
2024-12-08 07:15:00,718.29016
2024-12-08 07:30:00,908.2775
2024-12-08 07:45:00,527.7836
2024-12-08 08:00:00,395.7848
2024-12-08 08:15:00,2564.4597
2024-12-08 08:30:00,4748.4976
2024-12-08 08:45:00,4739.8203
2024-12-08 09:00:00,4241.258
2024-12-08 09:15:00,3926.497
2024-12-08 09:30:00,4021.9155
2024-12-08 09:45:00,3843.8533
2024-12-08 10:00:00,3807.493
2024-12-08 10:15:00,3694.6782
2024-12-08 10:30:00,3554.8315
2024-12-08 10:45:00,3160.2856
2024-12-08 11:00:00,2784.3533
2024-12-08 11:15:00,2827.9185
2024-12-08 11:30:00,2978.379
2024-12-08 11:45:00,2923.6072
2024-12-08 12:00:00,2828.7087
2024-12-08 12:15:00,1333.8534
2024-12-08 12:30:00,1731.009
2024-12-08 12:45:00,2104.4688
2024-12-08 13:00:00,1476.5663
2024-12-08 13:15:00,2487.057
2024-12-08 13:30:00,3637.8699
2024-12-08 13:45:00,3396.0896
2024-12-08 14:00:00,3591.5498
2024-12-08 14:15:00,3809.036
2024-12-08 14:30:00,3971.8518
2024-12-08 14:45:00,3855.3445
2024-12-08 15:00:00,4256.1353
2024-12-08 15:15:00,4014.3118
2024-12-08 15:30:00,3862.2168
2024-12-08 15:45:00,3963.3267
2024-12-08 16:00:00,3645.1702
2024-12-08 16:15:00,3705.4358
2024-12-08 16:30:00,3704.4639
2024-12-08 16:45:00,3256.036
2024-12-08 17:00:00,2396.8494
2024-12-08 17:15:00,1954.5635
2024-12-08 17:30:00,2243.827
2024-12-08 17:45:00,1958.2777
2024-12-08 18:00:00,1442.2937
2024-12-08 18:15:00,955.07996
2024-12-08 18:30:00,994.956
2024-12-08 18:45:00,1253.5266
2024-12-08 19:00:00,1921.0723
2024-12-08 19:15:00,2275.1477
2024-12-08 19:30:00,2337.7202
2024-12-08 19:45:00,2356.3306
2024-12-08 20:00:00,2415.9812
2024-12-08 20:15:00,2251.8396
2024-12-08 20:30:00,2238.5173
2024-12-08 20:45:00,2037.4286
2024-12-08 21:00:00,1928.6132
2024-12-08 21:15:00,2022.9369
2024-12-08 21:30:00,2101.5034
2024-12-08 21:45:00,1810.6077
2024-12-08 22:00:00,1559.4132
2024-12-08 22:15:00,1021.6333
2024-12-08 22:30:00,637.6113
2024-12-08 22:45:00,576.38544
2024-12-08 23:00:00,444.2529
2024-12-08 23:15:00,211.86002
2024-12-08 23:30:00,277.97968
2024-12-08 23:45:00,300.7193
2024-12-09 00:00:00,632.5338
2024-12-09 00:15:00,652.44855
2024-12-09 00:30:00,595.7829
2024-12-09 00:45:00,607.8351
2024-12-09 01:00:00,646.11176
2024-12-09 01:15:00,700.8327
2024-12-09 01:30:00,760.6679
2024-12-09 01:45:00,724.8001
2024-12-09 02:00:00,645.4144
2024-12-09 02:15:00,629.8279
2024-12-09 02:30:00,709.9457
2024-12-09 02:45:00,663.2327
2024-12-09 03:00:00,704.03326
2024-12-09 03:15:00,661.1829
2024-12-09 03:30:00,754.4657
2024-12-09 03:45:00,854.90015
2024-12-09 04:00:00,821.7907
2024-12-09 04:15:00,804.9426
2024-12-09 04:30:00,715.18414
2024-12-09 04:45:00,751.1822
2024-12-09 05:00:00,655.3494
2024-12-09 05:15:00,603.3931
2024-12-09 05:30:00,542.13934
2024-12-09 05:45:00,617.85223
2024-12-09 06:00:00,675.62585
2024-12-09 06:15:00,587.50433
2024-12-09 06:30:00,618.26825
2024-12-09 06:45:00,654.4438
2024-12-09 07:00:00,656.39526
2024-12-09 07:15:00,598.9138
2024-12-09 07:30:00,806.5736
2024-12-09 07:45:00,893.72504
2024-12-09 08:00:00,954.3097
2024-12-09 08:15:00,1156.654
2024-12-09 08:30:00,1369.2415
2024-12-09 08:45:00,1487.7194
2024-12-09 09:00:00,1776.5986
2024-12-09 09:15:00,1788.612
2024-12-09 09:30:00,1897.6582
2024-12-09 09:45:00,1843.2303
2024-12-09 10:00:00,1869.2255
2024-12-09 10:15:00,1756.0024
2024-12-09 10:30:00,1905.3094
2024-12-09 10:45:00,1724.9517
2024-12-09 11:00:00,1647.2687
2024-12-09 11:15:00,1411.5992
2024-12-09 11:30:00,1400.1527
2024-12-09 11:45:00,1339.2352
2024-12-09 12:00:00,1355.4191
2024-12-09 12:15:00,1451.9971
2024-12-09 12:30:00,1494.7615
2024-12-09 12:45:00,1612.8295
2024-12-09 13:00:00,1660.7993
2024-12-09 13:15:00,1811.9604
2024-12-09 13:30:00,2045.9995
2024-12-09 13:45:00,1993.5814
2024-12-09 14:00:00,1990.0704
2024-12-09 14:15:00,2008.3383
2024-12-09 14:30:00,1937.1976
2024-12-09 14:45:00,1798.2535
2024-12-09 15:00:00,1895.9762
2024-12-09 15:15:00,1851.7267
2024-12-09 15:30:00,1839.5006
2024-12-09 15:45:00,1858.8267
2024-12-09 16:00:00,1839.0143
2024-12-09 16:15:00,1842.1924
2024-12-09 16:30:00,1835.5096
2024-12-09 16:45:00,1766.6306
2024-12-09 17:00:00,1672.387
2024-12-09 17:15:00,1692.2632
2024-12-09 17:30:00,1607.2113
2024-12-09 17:45:00,1513.0989
2024-12-09 18:00:00,1246.408
2024-12-09 18:15:00,1130.3396
2024-12-09 18:30:00,1220.9589
2024-12-09 18:45:00,1166.7281
2024-12-09 19:00:00,1440.5358
2024-12-09 19:15:00,1700.5217
2024-12-09 19:30:00,1723.3275
2024-12-09 19:45:00,1773.1671
2024-12-09 20:00:00,1913.0757
2024-12-09 20:15:00,1846.2626
2024-12-09 20:30:00,1909.8823
2024-12-09 20:45:00,1932.8323
2024-12-09 21:00:00,1889.5621
2024-12-09 21:15:00,1909.9055
2024-12-09 21:30:00,1973.4623
2024-12-09 21:45:00,1798.579
2024-12-09 22:00:00,1590.5947
2024-12-09 22:15:00,1303.1447
2024-12-09 22:30:00,976.30194
2024-12-09 22:45:00,825.5289
2024-12-09 23:00:00,679.18475
2024-12-09 23:15:00,612.2482
2024-12-09 23:30:00,660.57733
2024-12-09 23:45:00,758.4471
2024-12-10 00:00:00,619.4353
2024-12-10 00:15:00,633.02966
2024-12-10 00:30:00,653.6661
2024-12-10 00:45:00,835.28186
2024-12-10 01:00:00,751.683
2024-12-10 01:15:00,739.381
2024-12-10 01:30:00,550.3201
2024-12-10 01:45:00,542.8565
2024-12-10 02:00:00,621.41284
2024-12-10 02:15:00,361.07993
2024-12-10 02:30:00,235.35773
2024-12-10 02:45:00,429.8907
2024-12-10 03:00:00,561.7055
2024-12-10 03:15:00,465.31467
2024-12-10 03:30:00,526.7483
2024-12-10 03:45:00,493.1485
2024-12-10 04:00:00,616.0146
2024-12-10 04:15:00,689.026
2024-12-10 04:30:00,911.9715
2024-12-10 04:45:00,732.46643
2024-12-10 05:00:00,707.1042
2024-12-10 05:15:00,883.97455
2024-12-10 05:30:00,868.29706
2024-12-10 05:45:00,1031.5774
2024-12-10 06:00:00,951.43304
2024-12-10 06:15:00,692.09296
2024-12-10 06:30:00,1040.3391
2024-12-10 06:45:00,988.27344
2024-12-10 07:00:00,864.7496
2024-12-10 07:15:00,1083.0242
2024-12-10 07:30:00,854.12134
2024-12-10 07:45:00,561.52747
2024-12-10 08:00:00,412.1389
2024-12-10 08:15:00,4417.6304
2024-12-10 08:30:00,8429.012
2024-12-10 08:45:00,8527.05
2024-12-10 09:00:00,8318.233
2024-12-10 09:15:00,8380.544
2024-12-10 09:30:00,8231.27
2024-12-10 09:45:00,8485.492
2024-12-10 10:00:00,8401.888
2024-12-10 10:15:00,7907.07
2024-12-10 10:30:00,7885.241
2024-12-10 10:45:00,7935.437
2024-12-10 11:00:00,8489.268
2024-12-10 11:15:00,9630.537
2024-12-10 11:30:00,9733.765
2024-12-10 11:45:00,9697.759
2024-12-10 12:00:00,8419.115
2024-12-10 12:15:00,2860.0671
2024-12-10 12:30:00,1628.1022
2024-12-10 12:45:00,1426.5344
2024-12-10 13:00:00,1498.8488
2024-12-10 13:15:00,5146.0903
2024-12-10 13:30:00,8458.5205
2024-12-10 13:45:00,8859.8125
2024-12-10 14:00:00,8742.333
2024-12-10 14:15:00,8752.346
2024-12-10 14:30:00,9014.381
2024-12-10 14:45:00,8561.394
2024-12-10 15:00:00,8840.714
2024-12-10 15:15:00,8649.256
2024-12-10 15:30:00,8500.089
2024-12-10 15:45:00,9415.554
2024-12-10 16:00:00,9005.713
2024-12-10 16:15:00,9577.142
2024-12-10 16:30:00,9776.289
2024-12-10 16:45:00,9838.156
2024-12-10 17:00:00,9328.8545
2024-12-10 17:15:00,8462.862
2024-12-10 17:30:00,6749.413
2024-12-10 17:45:00,2978.5088
2024-12-10 18:00:00,2713.107
2024-12-10 18:15:00,5236.7905
2024-12-10 18:30:00,7623.765
2024-12-10 18:45:00,7165.018
2024-12-10 19:00:00,7164.933
2024-12-10 19:15:00,7699.461
2024-12-10 19:30:00,7846.4062
2024-12-10 19:45:00,7642.993
2024-12-10 20:00:00,7235.512
2024-12-10 20:15:00,7316.7954
2024-12-10 20:30:00,7260.8936
2024-12-10 20:45:00,5855.614
2024-12-10 21:00:00,3796.226
2024-12-10 21:15:00,2506.7314
2024-12-10 21:30:00,2651.026
2024-12-10 21:45:00,2805.9617
2024-12-10 22:00:00,2674.4314
2024-12-10 22:15:00,1619.102
2024-12-10 22:30:00,1345.7748
2024-12-10 22:45:00,1411.5428
2024-12-10 23:00:00,1274.0385
2024-12-10 23:15:00,854.4397
2024-12-10 23:30:00,637.07166
2024-12-10 23:45:00,899.6764
2024-12-11 00:00:00,718.1414
2024-12-11 00:15:00,630.18414
2024-12-11 00:30:00,643.65295
2024-12-11 00:45:00,713.84796
2024-12-11 01:00:00,610.97754
2024-12-11 01:15:00,648.8094
2024-12-11 01:30:00,605.24695
2024-12-11 01:45:00,567.75507
2024-12-11 02:00:00,659.9709
2024-12-11 02:15:00,293.05038
2024-12-11 02:30:00,359.0841
2024-12-11 02:45:00,550.7466
2024-12-11 03:00:00,475.66486
2024-12-11 03:15:00,337.58316
2024-12-11 03:30:00,293.70258
2024-12-11 03:45:00,577.2994
2024-12-11 04:00:00,682.8327
2024-12-11 04:15:00,557.6429
2024-12-11 04:30:00,561.7503
2024-12-11 04:45:00,479.36224
2024-12-11 05:00:00,478.81204
2024-12-11 05:15:00,486.68655
2024-12-11 05:30:00,449.88922
2024-12-11 05:45:00,447.7385
2024-12-11 06:00:00,459.699
2024-12-11 06:15:00,254.60753
2024-12-11 06:30:00,563.7526
2024-12-11 06:45:00,356.4832
2024-12-11 07:00:00,198.19168
2024-12-11 07:15:00,340.76385
2024-12-11 07:30:00,175.84103
2024-12-11 07:45:00,-362.7826
2024-12-11 08:00:00,-576.29614
2024-12-11 08:15:00,5079.7783
2024-12-11 08:30:00,9951.3545
2024-12-11 08:45:00,9795.395
2024-12-11 09:00:00,8838.848
2024-12-11 09:15:00,8530.172
2024-12-11 09:30:00,8397.123
2024-12-11 09:45:00,8836.978
2024-12-11 10:00:00,8929.863
2024-12-11 10:15:00,8564.121
2024-12-11 10:30:00,8690.189
2024-12-11 10:45:00,8578.671
2024-12-11 11:00:00,8796.656
2024-12-11 11:15:00,10262.206
2024-12-11 11:30:00,10139.547
2024-12-11 11:45:00,10798.227
2024-12-11 12:00:00,9314.516
2024-12-11 12:15:00,2205.3347
2024-12-11 12:30:00,1688.6628
2024-12-11 12:45:00,1329.8604
2024-12-11 13:00:00,1815.7864
2024-12-11 13:15:00,6598.931
2024-12-11 13:30:00,10452.598
2024-12-11 13:45:00,10523.325
2024-12-11 14:00:00,10692.597
2024-12-11 14:15:00,10678.378
2024-12-11 14:30:00,10836.942
2024-12-11 14:45:00,9986.945
2024-12-11 15:00:00,9912.448
2024-12-11 15:15:00,9428.542
2024-12-11 15:30:00,9009.212
2024-12-11 15:45:00,9731.711
2024-12-11 16:00:00,9188.812
2024-12-11 16:15:00,9406.16
2024-12-11 16:30:00,9337.526
2024-12-11 16:45:00,9583.719
2024-12-11 17:00:00,9222.2295
2024-12-11 17:15:00,8454.018
2024-12-11 17:30:00,6914.5293
2024-12-11 17:45:00,3143.868
2024-12-11 18:00:00,3221.3672
2024-12-11 18:15:00,5953.17
2024-12-11 18:30:00,9264.341
2024-12-11 18:45:00,8959.831
2024-12-11 19:00:00,8855.933
2024-12-11 19:15:00,8734.518
2024-12-11 19:30:00,8703.572
2024-12-11 19:45:00,8572.271
2024-12-11 20:00:00,8255.649
2024-12-11 20:15:00,8449.36
2024-12-11 20:30:00,8468.659
2024-12-11 20:45:00,6543.8096
2024-12-11 21:00:00,4037.085
2024-12-11 21:15:00,2585.723
2024-12-11 21:30:00,2490.4915
2024-12-11 21:45:00,2713.7173
2024-12-11 22:00:00,2414.6533
2024-12-11 22:15:00,1287.1991
2024-12-11 22:30:00,730.7479
2024-12-11 22:45:00,1028.0107
2024-12-11 23:00:00,1172.7312
2024-12-11 23:15:00,815.5395
2024-12-11 23:30:00,689.9295
2024-12-11 23:45:00,1036.9701
2024-12-12 00:00:00,1543.5557
2024-12-12 00:15:00,1242.8491
2024-12-12 00:30:00,1468.5509
2024-12-12 00:45:00,1222.3864
2024-12-12 01:00:00,1123.0206
2024-12-12 01:15:00,1053.3824
2024-12-12 01:30:00,1016.4023
2024-12-12 01:45:00,752.30493
2024-12-12 02:00:00,798.02844
2024-12-12 02:15:00,666.83875
2024-12-12 02:30:00,531.8116
2024-12-12 02:45:00,410.22168
2024-12-12 03:00:00,454.29288
2024-12-12 03:15:00,289.45978
2024-12-12 03:30:00,339.86273
2024-12-12 03:45:00,635.5948
2024-12-12 04:00:00,795.2104
2024-12-12 04:15:00,643.9578
2024-12-12 04:30:00,615.78577
2024-12-12 04:45:00,478.9737
2024-12-12 05:00:00,311.69943
2024-12-12 05:15:00,317.30695
2024-12-12 05:30:00,358.00177
2024-12-12 05:45:00,593.146
2024-12-12 06:00:00,846.94116
2024-12-12 06:15:00,531.8194
2024-12-12 06:30:00,760.1064
2024-12-12 06:45:00,453.73624
2024-12-12 07:00:00,459.53693
2024-12-12 07:15:00,543.17126
2024-12-12 07:30:00,523.88916
2024-12-12 07:45:00,87.43244
2024-12-12 08:00:00,67.324974
2024-12-12 08:15:00,6049.6
2024-12-12 08:30:00,11062.028
2024-12-12 08:45:00,11635.399
2024-12-12 09:00:00,11189.393
2024-12-12 09:15:00,11062.524
2024-12-12 09:30:00,10611.465
2024-12-12 09:45:00,10543.6875
2024-12-12 10:00:00,10196.913
2024-12-12 10:15:00,9442.373
2024-12-12 10:30:00,9304.382
2024-12-12 10:45:00,9354.616
2024-12-12 11:00:00,9488.983
2024-12-12 11:15:00,10256.697
2024-12-12 11:30:00,9857.378
2024-12-12 11:45:00,9880.141
2024-12-12 12:00:00,8364.852
2024-12-12 12:15:00,1795.7931
2024-12-12 12:30:00,2099.8328
2024-12-12 12:45:00,1739.8679
2024-12-12 13:00:00,2030.4335
2024-12-12 13:15:00,6249.2407
2024-12-12 13:30:00,8931.656
2024-12-12 13:45:00,8275.661
2024-12-12 14:00:00,8647.184
2024-12-12 14:15:00,9092.042
2024-12-12 14:30:00,9320.318
2024-12-12 14:45:00,8505.757
2024-12-12 15:00:00,8258.694
2024-12-12 15:15:00,7659.18
2024-12-12 15:30:00,7521.611
2024-12-12 15:45:00,8758.103
2024-12-12 16:00:00,8372.098
2024-12-12 16:15:00,8429.198
2024-12-12 16:30:00,8637.264
2024-12-12 16:45:00,9417.814
2024-12-12 17:00:00,9585.427
2024-12-12 17:15:00,9709.541
2024-12-12 17:30:00,8442.543
2024-12-12 17:45:00,4532.229
2024-12-12 18:00:00,4335.4424
2024-12-12 18:15:00,5488.952
2024-12-12 18:30:00,7336.11
2024-12-12 18:45:00,6755.137
2024-12-12 19:00:00,7582.5273
2024-12-12 19:15:00,8024.632
2024-12-12 19:30:00,8050.5605
2024-12-12 19:45:00,7988.5967
2024-12-12 20:00:00,7822.7617
2024-12-12 20:15:00,7835.858
2024-12-12 20:30:00,7912.6294
2024-12-12 20:45:00,6095.2026
2024-12-12 21:00:00,4029.8413
2024-12-12 21:15:00,3205.2102
2024-12-12 21:30:00,3183.296
2024-12-12 21:45:00,3165.2236
2024-12-12 22:00:00,2993.9004
2024-12-12 22:15:00,1980.0283
2024-12-12 22:30:00,1362.9685
2024-12-12 22:45:00,1200.92
2024-12-12 23:00:00,1091.3817
2024-12-12 23:15:00,874.2258
2024-12-12 23:30:00,648.985
2024-12-12 23:45:00,951.0452
2024-12-13 00:00:00,1110.8691
2024-12-13 00:15:00,817.4573
2024-12-13 00:30:00,623.8363
2024-12-13 00:45:00,856.41583
2024-12-13 01:00:00,852.3543
2024-12-13 01:15:00,668.2068
2024-12-13 01:30:00,796.88367
2024-12-13 01:45:00,742.5709
2024-12-13 02:00:00,873.94147
2024-12-13 02:15:00,262.8559
2024-12-13 02:30:00,458.02438
2024-12-13 02:45:00,569.39
2024-12-13 03:00:00,462.07776
2024-12-13 03:15:00,448.87546
2024-12-13 03:30:00,579.77313
2024-12-13 03:45:00,534.7201
2024-12-13 04:00:00,640.196
2024-12-13 04:15:00,721.8478
2024-12-13 04:30:00,571.6049
2024-12-13 04:45:00,574.17175
2024-12-13 05:00:00,657.7035
2024-12-13 05:15:00,587.5874
2024-12-13 05:30:00,477.36514
2024-12-13 05:45:00,595.9173
2024-12-13 06:00:00,494.90234
2024-12-13 06:15:00,156.30597
2024-12-13 06:30:00,531.6417
2024-12-13 06:45:00,447.40836
2024-12-13 07:00:00,369.36075
2024-12-13 07:15:00,462.8769
2024-12-13 07:30:00,478.31134
2024-12-13 07:45:00,34.046318
2024-12-13 08:00:00,284.7571
2024-12-13 08:15:00,7674.4365
2024-12-13 08:30:00,12772.225
2024-12-13 08:45:00,11911.827
2024-12-13 09:00:00,9989.031
2024-12-13 09:15:00,8857.044
2024-12-13 09:30:00,8591.35
2024-12-13 09:45:00,9209.925
2024-12-13 10:00:00,9395.271
2024-12-13 10:15:00,8948.179
2024-12-13 10:30:00,8850.686
2024-12-13 10:45:00,8269.639
2024-12-13 11:00:00,8592.222
2024-12-13 11:15:00,10740.304
2024-12-13 11:30:00,11286.265
2024-12-13 11:45:00,12701.882
2024-12-13 12:00:00,10949.25
2024-12-13 12:15:00,2488.9873
2024-12-13 12:30:00,2208.6208
2024-12-13 12:45:00,914.64105
2024-12-13 13:00:00,1454.5721
2024-12-13 13:15:00,6697.3525
2024-12-13 13:30:00,10762.492
2024-12-13 13:45:00,10499.615
2024-12-13 14:00:00,10556.089
2024-12-13 14:15:00,9865.07
2024-12-13 14:30:00,9500.629
2024-12-13 14:45:00,8811.814
2024-12-13 15:00:00,8895.377
2024-12-13 15:15:00,8591.211
2024-12-13 15:30:00,8198.457
2024-12-13 15:45:00,8907.112
2024-12-13 16:00:00,7947.1807
2024-12-13 16:15:00,7897.25
2024-12-13 16:30:00,7914.7065
2024-12-13 16:45:00,8505.359
2024-12-13 17:00:00,8116.0815
2024-12-13 17:15:00,7799.322
2024-12-13 17:30:00,6591.6797
2024-12-13 17:45:00,2523.966
2024-12-13 18:00:00,3563.317
2024-12-13 18:15:00,6272.6
2024-12-13 18:30:00,8576.755
2024-12-13 18:45:00,7202.3594
2024-12-13 19:00:00,7223.111
2024-12-13 19:15:00,7501.692
2024-12-13 19:30:00,7861.8506
2024-12-13 19:45:00,7961.798
2024-12-13 20:00:00,8009.5854
2024-12-13 20:15:00,8098.7666
2024-12-13 20:30:00,8431.256
2024-12-13 20:45:00,6520.2607
2024-12-13 21:00:00,3947.7012
2024-12-13 21:15:00,2890.9187
2024-12-13 21:30:00,2886.0378
2024-12-13 21:45:00,3246.2104
2024-12-13 22:00:00,2852.9119
2024-12-13 22:15:00,1363.9545
2024-12-13 22:30:00,990.0103
2024-12-13 22:45:00,1113.71
2024-12-13 23:00:00,1253.981
2024-12-13 23:15:00,1116.0746
2024-12-13 23:30:00,817.273
2024-12-13 23:45:00,980.54297
2024-12-14 00:00:00,598.23444
2024-12-14 00:15:00,436.76852
2024-12-14 00:30:00,513.58124
2024-12-14 00:45:00,620.842
2024-12-14 01:00:00,549.8468
2024-12-14 01:15:00,565.14343
2024-12-14 01:30:00,446.18317
2024-12-14 01:45:00,382.26114
2024-12-14 02:00:00,354.35065
2024-12-14 02:15:00,93.28793
2024-12-14 02:30:00,438.4993
2024-12-14 02:45:00,496.11356
2024-12-14 03:00:00,412.77194
2024-12-14 03:15:00,312.66986
2024-12-14 03:30:00,422.83447
2024-12-14 03:45:00,682.6676
2024-12-14 04:00:00,856.3654
2024-12-14 04:15:00,744.7128
2024-12-14 04:30:00,677.902
2024-12-14 04:45:00,682.0882
2024-12-14 05:00:00,627.4945
2024-12-14 05:15:00,858.2273
2024-12-14 05:30:00,860.6298
2024-12-14 05:45:00,1016.64496
2024-12-14 06:00:00,1152.2258
2024-12-14 06:15:00,937.0077
2024-12-14 06:30:00,1067.5084
2024-12-14 06:45:00,886.41815
2024-12-14 07:00:00,813.4964
2024-12-14 07:15:00,690.00525
2024-12-14 07:30:00,599.573
2024-12-14 07:45:00,275.68118
2024-12-14 08:00:00,396.38602
2024-12-14 08:15:00,6020.588
2024-12-14 08:30:00,10213.794
2024-12-14 08:45:00,10260.733
2024-12-14 09:00:00,9635.261
2024-12-14 09:15:00,9117.446
2024-12-14 09:30:00,8608.452
2024-12-14 09:45:00,8396.846
2024-12-14 10:00:00,7735.6147
2024-12-14 10:15:00,6711.7266
2024-12-14 10:30:00,6920.77
2024-12-14 10:45:00,7362.2075
2024-12-14 11:00:00,7959.544
2024-12-14 11:15:00,9273.03
2024-12-14 11:30:00,9127.171
2024-12-14 11:45:00,9459.928
2024-12-14 12:00:00,7735.089
2024-12-14 12:15:00,1273.0726
2024-12-14 12:30:00,1599.7137
2024-12-14 12:45:00,1090.9657
2024-12-14 13:00:00,1774.5745
2024-12-14 13:15:00,5837.6167
2024-12-14 13:30:00,8098.2725
2024-12-14 13:45:00,7429.0117
2024-12-14 14:00:00,7855.4985
2024-12-14 14:15:00,8416.302
2024-12-14 14:30:00,8880.847
2024-12-14 14:45:00,8405.3955
2024-12-14 15:00:00,8392.007
2024-12-14 15:15:00,7813.155
2024-12-14 15:30:00,7599.829
2024-12-14 15:45:00,8136.9404
2024-12-14 16:00:00,7279.2793
2024-12-14 16:15:00,7370.0186
2024-12-14 16:30:00,7346.218
2024-12-14 16:45:00,7926.712
2024-12-14 17:00:00,7844.804
2024-12-14 17:15:00,7651.153
2024-12-14 17:30:00,6190.161
2024-12-14 17:45:00,2472.0327
2024-12-14 18:00:00,2823.2607
2024-12-14 18:15:00,5045.7075
2024-12-14 18:30:00,7759.078
2024-12-14 18:45:00,7137.173
2024-12-14 19:00:00,7271.0415
2024-12-14 19:15:00,7348.4033
2024-12-14 19:30:00,7603.7646
2024-12-14 19:45:00,7723.4263
2024-12-14 20:00:00,7729.2236
2024-12-14 20:15:00,7663.7197
2024-12-14 20:30:00,7261.147
2024-12-14 20:45:00,5231.8057
2024-12-14 21:00:00,2997.0886
2024-12-14 21:15:00,2436.9856
2024-12-14 21:30:00,2665.0654
2024-12-14 21:45:00,2793.8083
2024-12-14 22:00:00,2249.5525
2024-12-14 22:15:00,997.1558
2024-12-14 22:30:00,314.58624
2024-12-14 22:45:00,352.0635
2024-12-14 23:00:00,367.82224
2024-12-14 23:15:00,391.0404
2024-12-14 23:30:00,378.95822
2024-12-14 23:45:00,579.7195
2024-12-15 00:00:00,662.4663
2024-12-15 00:15:00,643.59607
2024-12-15 00:30:00,683.7226
2024-12-15 00:45:00,641.209
2024-12-15 01:00:00,619.31635
2024-12-15 01:15:00,582.9507
2024-12-15 01:30:00,670.52325
2024-12-15 01:45:00,529.76196
2024-12-15 02:00:00,547.91156
2024-12-15 02:15:00,421.18283
2024-12-15 02:30:00,518.089
2024-12-15 02:45:00,523.3336
2024-12-15 03:00:00,522.437
2024-12-15 03:15:00,552.07623
2024-12-15 03:30:00,677.1185
2024-12-15 03:45:00,847.03827
2024-12-15 04:00:00,691.43024
2024-12-15 04:15:00,640.5087
2024-12-15 04:30:00,643.98444
2024-12-15 04:45:00,692.91705
2024-12-15 05:00:00,631.5175
2024-12-15 05:15:00,620.8419
2024-12-15 05:30:00,593.86865
2024-12-15 05:45:00,597.9414
2024-12-15 06:00:00,662.6012
2024-12-15 06:15:00,395.03986
2024-12-15 06:30:00,398.46075
2024-12-15 06:45:00,455.10114
2024-12-15 07:00:00,500.28314
2024-12-15 07:15:00,767.8661
2024-12-15 07:30:00,923.77
2024-12-15 07:45:00,522.8178
2024-12-15 08:00:00,422.06873
2024-12-15 08:15:00,3273.11
2024-12-15 08:30:00,6171.065
2024-12-15 08:45:00,5892.327
2024-12-15 09:00:00,5020.2847
2024-12-15 09:15:00,4745.8003
2024-12-15 09:30:00,5010.5957
2024-12-15 09:45:00,4925.2144
2024-12-15 10:00:00,4828.2124
2024-12-15 10:15:00,4839.0396
2024-12-15 10:30:00,5124.1733
2024-12-15 10:45:00,4949.156
2024-12-15 11:00:00,4743.223
2024-12-15 11:15:00,4861.1074
2024-12-15 11:30:00,4871.528
2024-12-15 11:45:00,4754.5986
2024-12-15 12:00:00,4027.695
2024-12-15 12:15:00,1244.8328
2024-12-15 12:30:00,1095.2397
2024-12-15 12:45:00,1606.7944
2024-12-15 13:00:00,1093.2697
2024-12-15 13:15:00,2495.3362
2024-12-15 13:30:00,4222.196
2024-12-15 13:45:00,4243.652
2024-12-15 14:00:00,4552.8975
2024-12-15 14:15:00,4611.471
2024-12-15 14:30:00,4571.658
2024-12-15 14:45:00,4268.36
2024-12-15 15:00:00,4542.54
2024-12-15 15:15:00,4255.3564
2024-12-15 15:30:00,4003.9683
2024-12-15 15:45:00,4196.3765
2024-12-15 16:00:00,3801.3623
2024-12-15 16:15:00,3817.3123
2024-12-15 16:30:00,3963.2476
2024-12-15 16:45:00,3665.2021
2024-12-15 17:00:00,2662.1187
2024-12-15 17:15:00,2162.9663
2024-12-15 17:30:00,2629.9854
2024-12-15 17:45:00,2137.632
2024-12-15 18:00:00,1443.7566
2024-12-15 18:15:00,718.5701
2024-12-15 18:30:00,750.4135
2024-12-15 18:45:00,1151.8182
2024-12-15 19:00:00,1896.0935
2024-12-15 19:15:00,2197.004
2024-12-15 19:30:00,2255.652
2024-12-15 19:45:00,2290.583
2024-12-15 20:00:00,2426.563
2024-12-15 20:15:00,2303.6377
2024-12-15 20:30:00,2359.9556
2024-12-15 20:45:00,2181.3237
2024-12-15 21:00:00,2075.4258
2024-12-15 21:15:00,2088.7817
2024-12-15 21:30:00,2180.146
2024-12-15 21:45:00,2006.154
2024-12-15 22:00:00,1674.7897
2024-12-15 22:15:00,1187.9479
2024-12-15 22:30:00,756.3142
2024-12-15 22:45:00,609.31506
2024-12-15 23:00:00,545.1049
2024-12-15 23:15:00,252.22098
2024-12-15 23:30:00,318.81006
2024-12-15 23:45:00,424.1032
2024-12-16 00:00:00,601.8562
2024-12-16 00:15:00,565.18427
2024-12-16 00:30:00,529.3644
2024-12-16 00:45:00,579.7735
2024-12-16 01:00:00,616.52
2024-12-16 01:15:00,668.7573
2024-12-16 01:30:00,747.25183
2024-12-16 01:45:00,703.8932
2024-12-16 02:00:00,620.2359
2024-12-16 02:15:00,600.4563
2024-12-16 02:30:00,731.5754
2024-12-16 02:45:00,730.6276
2024-12-16 03:00:00,682.37366
2024-12-16 03:15:00,671.688
2024-12-16 03:30:00,818.3111
2024-12-16 03:45:00,950.0231
2024-12-16 04:00:00,862.9229
2024-12-16 04:15:00,786.4864
2024-12-16 04:30:00,689.30884
2024-12-16 04:45:00,775.3067
2024-12-16 05:00:00,673.9172
2024-12-16 05:15:00,638.061
2024-12-16 05:30:00,540.9885
2024-12-16 05:45:00,565.3749
2024-12-16 06:00:00,645.6342
2024-12-16 06:15:00,474.02155
2024-12-16 06:30:00,459.6578
2024-12-16 06:45:00,453.93533
2024-12-16 07:00:00,405.79153
2024-12-16 07:15:00,388.59924
2024-12-16 07:30:00,585.8766
2024-12-16 07:45:00,374.07324
2024-12-16 08:00:00,231.29256
2024-12-16 08:15:00,1317.5916
2024-12-16 08:30:00,2592.8372
2024-12-16 08:45:00,2604.4841
2024-12-16 09:00:00,2250.6714
2024-12-16 09:15:00,1827.1576
2024-12-16 09:30:00,1916.0746
2024-12-16 09:45:00,1875.23
2024-12-16 10:00:00,1974.5924
2024-12-16 10:15:00,1979.0472
2024-12-16 10:30:00,2103.1094
2024-12-16 10:45:00,1778.1268
2024-12-16 11:00:00,1716.0521
2024-12-16 11:15:00,1752.9244
2024-12-16 11:30:00,1766.5587
2024-12-16 11:45:00,1769.1212
2024-12-16 12:00:00,1766.1997
2024-12-16 12:15:00,1164.2504
2024-12-16 12:30:00,1503.2732
2024-12-16 12:45:00,1680.6735
2024-12-16 13:00:00,1442.4031
2024-12-16 13:15:00,1828.1345
2024-12-16 13:30:00,2406.1572
2024-12-16 13:45:00,2045.9025
2024-12-16 14:00:00,1877.65
2024-12-16 14:15:00,1870.4044
2024-12-16 14:30:00,1953.2015
2024-12-16 14:45:00,1902.1334
2024-12-16 15:00:00,2176.8672
2024-12-16 15:15:00,1938.3177
2024-12-16 15:30:00,1902.3503
2024-12-16 15:45:00,1917.438
2024-12-16 16:00:00,1822.8145
2024-12-16 16:15:00,1939.0652
2024-12-16 16:30:00,2086.187
2024-12-16 16:45:00,1984.2703
2024-12-16 17:00:00,1551.9802
2024-12-16 17:15:00,1400.3649
2024-12-16 17:30:00,1495.6866
2024-12-16 17:45:00,1403.9352
2024-12-16 18:00:00,983.82745
2024-12-16 18:15:00,500.15155
2024-12-16 18:30:00,495.84576
2024-12-16 18:45:00,573.1025
2024-12-16 19:00:00,1170.0616
2024-12-16 19:15:00,1605.3708
2024-12-16 19:30:00,1699.9998
2024-12-16 19:45:00,1583.039
2024-12-16 20:00:00,1690.2971
2024-12-16 20:15:00,1632.0359
2024-12-16 20:30:00,1739.0771
2024-12-16 20:45:00,1711.2656
2024-12-16 21:00:00,1693.5055
2024-12-16 21:15:00,1857.9354
2024-12-16 21:30:00,2029.7223
2024-12-16 21:45:00,1783.5839
2024-12-16 22:00:00,1598.5729
2024-12-16 22:15:00,1059.0344
2024-12-16 22:30:00,663.1337
2024-12-16 22:45:00,585.7774
2024-12-16 23:00:00,496.5119
2024-12-16 23:15:00,455.05658
2024-12-16 23:30:00,516.47876
2024-12-16 23:45:00,577.13446
2024-12-17 00:00:00,351.9938
2024-12-17 00:15:00,391.8167
2024-12-17 00:30:00,628.6079
2024-12-17 00:45:00,634.77954
2024-12-17 01:00:00,470.42685
2024-12-17 01:15:00,410.20596
2024-12-17 01:30:00,424.22797
2024-12-17 01:45:00,416.8683
2024-12-17 02:00:00,609.8447
2024-12-17 02:15:00,268.89615
2024-12-17 02:30:00,245.92485
2024-12-17 02:45:00,377.99426
2024-12-17 03:00:00,487.8287
2024-12-17 03:15:00,371.2817
2024-12-17 03:30:00,290.60593
2024-12-17 03:45:00,206.04092
2024-12-17 04:00:00,282.8909
2024-12-17 04:15:00,370.37582
2024-12-17 04:30:00,491.83505
2024-12-17 04:45:00,402.1445
2024-12-17 05:00:00,322.0447
2024-12-17 05:15:00,457.55515
2024-12-17 05:30:00,444.37976
2024-12-17 05:45:00,650.8076
2024-12-17 06:00:00,662.6915
2024-12-17 06:15:00,280.83527
2024-12-17 06:30:00,660.93787
2024-12-17 06:45:00,638.70856
2024-12-17 07:00:00,500.70096
2024-12-17 07:15:00,759.6873
2024-12-17 07:30:00,617.33417
2024-12-17 07:45:00,-66.235504
2024-12-17 08:00:00,-197.16586
2024-12-17 08:15:00,4897.7354
2024-12-17 08:30:00,9747.679
2024-12-17 08:45:00,9881.816
2024-12-17 09:00:00,9228.012
2024-12-17 09:15:00,8817.835
2024-12-17 09:30:00,8552.214
2024-12-17 09:45:00,8625.401
2024-12-17 10:00:00,8523.861
2024-12-17 10:15:00,8205.671
2024-12-17 10:30:00,8589.482
2024-12-17 10:45:00,8964.865
2024-12-17 11:00:00,9771.033
2024-12-17 11:15:00,10755.1455
2024-12-17 11:30:00,10290.523
2024-12-17 11:45:00,10163.658
2024-12-17 12:00:00,8506.871
2024-12-17 12:15:00,2292.9565
2024-12-17 12:30:00,1814.8339
2024-12-17 12:45:00,1486.0779
2024-12-17 13:00:00,1797.6844
2024-12-17 13:15:00,6097.4863
2024-12-17 13:30:00,9729.795
2024-12-17 13:45:00,9871.29
2024-12-17 14:00:00,9537.094
2024-12-17 14:15:00,9022.735
2024-12-17 14:30:00,9064.239
2024-12-17 14:45:00,8588.845
2024-12-17 15:00:00,9234.6455
2024-12-17 15:15:00,9138.854
2024-12-17 15:30:00,9115.934
2024-12-17 15:45:00,10012.457
2024-12-17 16:00:00,9376.924
2024-12-17 16:15:00,9575.406
2024-12-17 16:30:00,9634.95
2024-12-17 16:45:00,9846.318
2024-12-17 17:00:00,9205.575
2024-12-17 17:15:00,8458.289
2024-12-17 17:30:00,7088.7686
2024-12-17 17:45:00,3562.8022
2024-12-17 18:00:00,3326.4045
2024-12-17 18:15:00,4821.969
2024-12-17 18:30:00,6650.5405
2024-12-17 18:45:00,6187.6724
2024-12-17 19:00:00,6655.3433
2024-12-17 19:15:00,7083.5386
2024-12-17 19:30:00,7075.1226
2024-12-17 19:45:00,6791.686
2024-12-17 20:00:00,6405.9487
2024-12-17 20:15:00,6642.473
2024-12-17 20:30:00,6900.962
2024-12-17 20:45:00,5608.443
2024-12-17 21:00:00,3756.9202
2024-12-17 21:15:00,2451.5088
2024-12-17 21:30:00,2459.3843
2024-12-17 21:45:00,2663.0127
2024-12-17 22:00:00,2495.61
2024-12-17 22:15:00,1342.4877
2024-12-17 22:30:00,983.34705
2024-12-17 22:45:00,909.60144
2024-12-17 23:00:00,845.5235
2024-12-17 23:15:00,442.62515
2024-12-17 23:30:00,44.664562
2024-12-17 23:45:00,193.96132
2024-12-18 00:00:00,374.87497
2024-12-18 00:15:00,386.5028
2024-12-18 00:30:00,540.3266
2024-12-18 00:45:00,557.597
2024-12-18 01:00:00,495.65552
2024-12-18 01:15:00,364.0088
2024-12-18 01:30:00,402.4302
2024-12-18 01:45:00,550.84674
2024-12-18 02:00:00,509.3929
2024-12-18 02:15:00,281.62338
2024-12-18 02:30:00,335.70636
2024-12-18 02:45:00,425.06778
2024-12-18 03:00:00,399.29047
2024-12-18 03:15:00,476.0367
2024-12-18 03:30:00,265.79498
2024-12-18 03:45:00,251.48073
2024-12-18 04:00:00,477.9714
2024-12-18 04:15:00,561.1206
2024-12-18 04:30:00,639.6521
2024-12-18 04:45:00,548.4953
2024-12-18 05:00:00,488.68842
2024-12-18 05:15:00,367.24323
2024-12-18 05:30:00,388.95932
2024-12-18 05:45:00,613.41693
2024-12-18 06:00:00,664.2032
2024-12-18 06:15:00,310.3912
2024-12-18 06:30:00,433.72455
2024-12-18 06:45:00,162.90584
2024-12-18 07:00:00,6.6206956
2024-12-18 07:15:00,273.25284
2024-12-18 07:30:00,163.15851
2024-12-18 07:45:00,-600.6574
2024-12-18 08:00:00,-934.6471
2024-12-18 08:15:00,5111.4785
2024-12-18 08:30:00,10646.297
2024-12-18 08:45:00,10610.69
2024-12-18 09:00:00,9574.524
2024-12-18 09:15:00,9141.539
2024-12-18 09:30:00,8894.758
2024-12-18 09:45:00,9167.107
2024-12-18 10:00:00,9194.612
2024-12-18 10:15:00,8808.109
2024-12-18 10:30:00,9177.243
2024-12-18 10:45:00,9581.673
2024-12-18 11:00:00,10051.405
2024-12-18 11:15:00,11042.961
2024-12-18 11:30:00,10420.726
2024-12-18 11:45:00,10634.528
2024-12-18 12:00:00,9048.785
2024-12-18 12:15:00,1691.4062
2024-12-18 12:30:00,1362.0597
2024-12-18 12:45:00,961.63965
2024-12-18 13:00:00,1296.1504
2024-12-18 13:15:00,6202.934
2024-12-18 13:30:00,10144.419
2024-12-18 13:45:00,9888.832
2024-12-18 14:00:00,9599.442
2024-12-18 14:15:00,9131.339
2024-12-18 14:30:00,9339.727
2024-12-18 14:45:00,8789.035
2024-12-18 15:00:00,9293.095
2024-12-18 15:15:00,9151.28
2024-12-18 15:30:00,9027.148
2024-12-18 15:45:00,9699.731
2024-12-18 16:00:00,8833.07
2024-12-18 16:15:00,9036.207
2024-12-18 16:30:00,9136.553
2024-12-18 16:45:00,9510.114
2024-12-18 17:00:00,8908.842
2024-12-18 17:15:00,8054.2896
2024-12-18 17:30:00,6587.768
2024-12-18 17:45:00,2689.3735
2024-12-18 18:00:00,2820.1858
2024-12-18 18:15:00,5109.4175
2024-12-18 18:30:00,7377.338
2024-12-18 18:45:00,6910.819
2024-12-18 19:00:00,7592.816
2024-12-18 19:15:00,8194.6455
2024-12-18 19:30:00,8191.728
2024-12-18 19:45:00,7986.205
2024-12-18 20:00:00,7704.4053
2024-12-18 20:15:00,8233.417
2024-12-18 20:30:00,8669.799
2024-12-18 20:45:00,7075.2285
2024-12-18 21:00:00,4421.6055
2024-12-18 21:15:00,2598.328
2024-12-18 21:30:00,2117.2876
2024-12-18 21:45:00,2317.8499
2024-12-18 22:00:00,1981.569
2024-12-18 22:15:00,871.74243
2024-12-18 22:30:00,636.40515
2024-12-18 22:45:00,652.7841
2024-12-18 23:00:00,740.007
2024-12-18 23:15:00,429.95163
2024-12-18 23:30:00,146.32123
2024-12-18 23:45:00,345.2645
2024-12-19 00:00:00,1070.8949
2024-12-19 00:15:00,820.17865
2024-12-19 00:30:00,1062.0032
2024-12-19 00:45:00,900.4931
2024-12-19 01:00:00,781.34186
2024-12-19 01:15:00,676.39307
2024-12-19 01:30:00,708.75415
2024-12-19 01:45:00,452.49487
2024-12-19 02:00:00,618.35504
2024-12-19 02:15:00,382.46823
2024-12-19 02:30:00,367.28476
2024-12-19 02:45:00,286.98834
2024-12-19 03:00:00,307.26733
2024-12-19 03:15:00,154.50839
2024-12-19 03:30:00,324.7811
2024-12-19 03:45:00,562.28094
2024-12-19 04:00:00,786.6283
2024-12-19 04:15:00,546.3155
2024-12-19 04:30:00,577.70966
2024-12-19 04:45:00,359.19006
2024-12-19 05:00:00,224.79105
2024-12-19 05:15:00,204.74069
2024-12-19 05:30:00,299.7456
2024-12-19 05:45:00,493.69293
2024-12-19 06:00:00,656.0872
2024-12-19 06:15:00,302.48608
2024-12-19 06:30:00,517.67694
2024-12-19 06:45:00,231.84926
2024-12-19 07:00:00,270.33734
2024-12-19 07:15:00,331.56448
2024-12-19 07:30:00,282.36523
2024-12-19 07:45:00,-242.35641
2024-12-19 08:00:00,-29.082876
2024-12-19 08:15:00,6958.5664
2024-12-19 08:30:00,12272.197
2024-12-19 08:45:00,12753.803
2024-12-19 09:00:00,12232.608
2024-12-19 09:15:00,11876.798
2024-12-19 09:30:00,11285.4795
2024-12-19 09:45:00,11168.722
2024-12-19 10:00:00,10843.528
2024-12-19 10:15:00,9988.555
2024-12-19 10:30:00,9900.174
2024-12-19 10:45:00,9970.276
2024-12-19 11:00:00,10192.673
2024-12-19 11:15:00,10916.927
2024-12-19 11:30:00,10115.328
2024-12-19 11:45:00,9977.824
2024-12-19 12:00:00,8050.329
2024-12-19 12:15:00,663.0885
2024-12-19 12:30:00,1661.3927
2024-12-19 12:45:00,1049.8389
2024-12-19 13:00:00,1540.6992
2024-12-19 13:15:00,6226.67
2024-12-19 13:30:00,8644.066
2024-12-19 13:45:00,7564.1963
2024-12-19 14:00:00,8243.545
2024-12-19 14:15:00,8903.455
2024-12-19 14:30:00,9232.949
2024-12-19 14:45:00,8513.144
2024-12-19 15:00:00,8323.226
2024-12-19 15:15:00,7842.8354
2024-12-19 15:30:00,7712.8804
2024-12-19 15:45:00,8907.707
2024-12-19 16:00:00,8363.172
2024-12-19 16:15:00,8364.671
2024-12-19 16:30:00,8399.05
2024-12-19 16:45:00,9100.619
2024-12-19 17:00:00,8898.174
2024-12-19 17:15:00,8838.266
2024-12-19 17:30:00,7579.8647
2024-12-19 17:45:00,3487.5762
2024-12-19 18:00:00,3857.0208
2024-12-19 18:15:00,5668.4233
2024-12-19 18:30:00,7722.4355
2024-12-19 18:45:00,6377.3394
2024-12-19 19:00:00,7113.13
2024-12-19 19:15:00,7630.113
2024-12-19 19:30:00,7700.203
2024-12-19 19:45:00,7760.708
2024-12-19 20:00:00,7632.281
2024-12-19 20:15:00,7523.9688
2024-12-19 20:30:00,7640.603
2024-12-19 20:45:00,5666.9478
2024-12-19 21:00:00,3481.844
2024-12-19 21:15:00,2982.3928
2024-12-19 21:30:00,3274.2236
2024-12-19 21:45:00,3394.975
2024-12-19 22:00:00,3015.6843
2024-12-19 22:15:00,1737.316
2024-12-19 22:30:00,1117.8246
2024-12-19 22:45:00,900.9626
2024-12-19 23:00:00,985.43353
2024-12-19 23:15:00,979.42316
2024-12-19 23:30:00,818.9273
2024-12-19 23:45:00,1109.5833
2024-12-20 00:00:00,819.56445
2024-12-20 00:15:00,727.02997
2024-12-20 00:30:00,688.186
2024-12-20 00:45:00,816.3413
2024-12-20 01:00:00,661.7809
2024-12-20 01:15:00,578.88354
2024-12-20 01:30:00,630.84076
2024-12-20 01:45:00,576.2609
2024-12-20 02:00:00,818.74774
2024-12-20 02:15:00,220.05424
2024-12-20 02:30:00,268.78543
2024-12-20 02:45:00,408.94562
2024-12-20 03:00:00,246.2767
2024-12-20 03:15:00,278.38303
2024-12-20 03:30:00,415.41187
2024-12-20 03:45:00,410.4662
2024-12-20 04:00:00,459.00314
2024-12-20 04:15:00,606.64606
2024-12-20 04:30:00,555.80066
2024-12-20 04:45:00,580.28687
2024-12-20 05:00:00,743.2438
2024-12-20 05:15:00,686.40656
2024-12-20 05:30:00,488.69354
2024-12-20 05:45:00,496.68384
2024-12-20 06:00:00,259.2896
2024-12-20 06:15:00,17.293518
2024-12-20 06:30:00,615.3609
2024-12-20 06:45:00,457.0509
2024-12-20 07:00:00,353.3872
2024-12-20 07:15:00,27.593071
2024-12-20 07:30:00,-148.81158
2024-12-20 07:45:00,-686.1018
2024-12-20 08:00:00,52.99263
2024-12-20 08:15:00,8334.929
2024-12-20 08:30:00,13895.247
2024-12-20 08:45:00,13175.795
2024-12-20 09:00:00,11203.785
2024-12-20 09:15:00,9786.658
2024-12-20 09:30:00,9176.804
2024-12-20 09:45:00,9686.865
2024-12-20 10:00:00,9757.764
2024-12-20 10:15:00,8928.601
2024-12-20 10:30:00,8676.829
2024-12-20 10:45:00,8169.7305
2024-12-20 11:00:00,8398.327
2024-12-20 11:15:00,10125.271
2024-12-20 11:30:00,10304.132
2024-12-20 11:45:00,11252.748
2024-12-20 12:00:00,9229.413
2024-12-20 12:15:00,953.61365
2024-12-20 12:30:00,1385.195
2024-12-20 12:45:00,363.00983
2024-12-20 13:00:00,898.1277
2024-12-20 13:15:00,6237.9575
2024-12-20 13:30:00,9740.126
2024-12-20 13:45:00,8843.046
2024-12-20 14:00:00,8766.831
2024-12-20 14:15:00,8005.024
2024-12-20 14:30:00,7759.6714
2024-12-20 14:45:00,7280.708
2024-12-20 15:00:00,7491.146
2024-12-20 15:15:00,7495.9883
2024-12-20 15:30:00,7291.383
2024-12-20 15:45:00,8107.392
2024-12-20 16:00:00,7230.5073
2024-12-20 16:15:00,7213.406
2024-12-20 16:30:00,7030.3936
2024-12-20 16:45:00,7415.693
2024-12-20 17:00:00,6861.379
2024-12-20 17:15:00,6772.258
2024-12-20 17:30:00,5865.207
2024-12-20 17:45:00,2297.6633
2024-12-20 18:00:00,3659.7156
2024-12-20 18:15:00,6365.077
2024-12-20 18:30:00,8410.351
2024-12-20 18:45:00,6788.5234
2024-12-20 19:00:00,7120.5396
2024-12-20 19:15:00,7599.025
2024-12-20 19:30:00,7861.5137
2024-12-20 19:45:00,8064.7793
2024-12-20 20:00:00,8109.3857
2024-12-20 20:15:00,8078.5903
2024-12-20 20:30:00,8274.718
2024-12-20 20:45:00,6412.3145
2024-12-20 21:00:00,3800.681
2024-12-20 21:15:00,2737.0415
2024-12-20 21:30:00,2710.6775
2024-12-20 21:45:00,2873.923
2024-12-20 22:00:00,2171.5542
2024-12-20 22:15:00,831.08514
2024-12-20 22:30:00,607.29266
2024-12-20 22:45:00,577.57996
2024-12-20 23:00:00,933.5269
2024-12-20 23:15:00,791.5852
2024-12-20 23:30:00,545.42
2024-12-20 23:45:00,822.7222
2024-12-21 00:00:00,502.62842
2024-12-21 00:15:00,377.8266
2024-12-21 00:30:00,368.69955
2024-12-21 00:45:00,589.6379
2024-12-21 01:00:00,521.0494
2024-12-21 01:15:00,615.86707
2024-12-21 01:30:00,537.6884
2024-12-21 01:45:00,470.16135
2024-12-21 02:00:00,409.50058
2024-12-21 02:15:00,121.095
2024-12-21 02:30:00,494.08524
2024-12-21 02:45:00,558.4952
2024-12-21 03:00:00,380.19424
2024-12-21 03:15:00,299.4827
2024-12-21 03:30:00,431.59558
2024-12-21 03:45:00,603.3688
2024-12-21 04:00:00,754.3512
2024-12-21 04:15:00,669.06586
2024-12-21 04:30:00,592.5278
2024-12-21 04:45:00,572.635
2024-12-21 05:00:00,524.0396
2024-12-21 05:15:00,745.4205
2024-12-21 05:30:00,692.49304
2024-12-21 05:45:00,729.5078
2024-12-21 06:00:00,763.73047
2024-12-21 06:15:00,548.03406
2024-12-21 06:30:00,707.17786
2024-12-21 06:45:00,559.29767
2024-12-21 07:00:00,472.91605
2024-12-21 07:15:00,262.7836
2024-12-21 07:30:00,65.66594
2024-12-21 07:45:00,-506.16437
2024-12-21 08:00:00,-464.18063
2024-12-21 08:15:00,5964.328
2024-12-21 08:30:00,10912.712
2024-12-21 08:45:00,11320.435
2024-12-21 09:00:00,10742.118
2024-12-21 09:15:00,9914.971
2024-12-21 09:30:00,9057.281
2024-12-21 09:45:00,8624.464
2024-12-21 10:00:00,7863.2363
2024-12-21 10:15:00,6692.3096
2024-12-21 10:30:00,7103.9727
2024-12-21 10:45:00,7828.8315
2024-12-21 11:00:00,8753.006
2024-12-21 11:15:00,10258.191
2024-12-21 11:30:00,10059.237
2024-12-21 11:45:00,10346.868
2024-12-21 12:00:00,8241.6
2024-12-21 12:15:00,1011.3258
2024-12-21 12:30:00,1624.3296
2024-12-21 12:45:00,949.1133
2024-12-21 13:00:00,1729.9288
2024-12-21 13:15:00,6321.5386
2024-12-21 13:30:00,8591.258
2024-12-21 13:45:00,7613.978
2024-12-21 14:00:00,8122.748
2024-12-21 14:15:00,8820.732
2024-12-21 14:30:00,9461.569
2024-12-21 14:45:00,8977.249
2024-12-21 15:00:00,8747.568
2024-12-21 15:15:00,8002.8467
2024-12-21 15:30:00,7790.9863
2024-12-21 15:45:00,8662.441
2024-12-21 16:00:00,7980.627
2024-12-21 16:15:00,8147.7905
2024-12-21 16:30:00,8058.5596
2024-12-21 16:45:00,8463.534
2024-12-21 17:00:00,8269.524
2024-12-21 17:15:00,7960.9766
2024-12-21 17:30:00,6353.568
2024-12-21 17:45:00,2183.0432
2024-12-21 18:00:00,2873.2925
2024-12-21 18:15:00,5577.6523
2024-12-21 18:30:00,8467.04
2024-12-21 18:45:00,7429.472
2024-12-21 19:00:00,7632.931
2024-12-21 19:15:00,7724.689
2024-12-21 19:30:00,8004.46
2024-12-21 19:45:00,8134.4424
2024-12-21 20:00:00,8142.0444
2024-12-21 20:15:00,8075.6255
2024-12-21 20:30:00,7697.6167
2024-12-21 20:45:00,5557.41
2024-12-21 21:00:00,3183.494
2024-12-21 21:15:00,2642.153
2024-12-21 21:30:00,2994.9666
2024-12-21 21:45:00,3171.7468
2024-12-21 22:00:00,2451.3843
2024-12-21 22:15:00,1067.2847
2024-12-21 22:30:00,336.9974
2024-12-21 22:45:00,243.4183
2024-12-21 23:00:00,310.08194
2024-12-21 23:15:00,369.18445
2024-12-21 23:30:00,298.0896
2024-12-21 23:45:00,467.90686
2024-12-22 00:00:00,662.33594
2024-12-22 00:15:00,716.6457
2024-12-22 00:30:00,753.7301
2024-12-22 00:45:00,734.28674
2024-12-22 01:00:00,663.4185
2024-12-22 01:15:00,651.23004
2024-12-22 01:30:00,772.0681
2024-12-22 01:45:00,609.60614
2024-12-22 02:00:00,571.8525
2024-12-22 02:15:00,396.76303
2024-12-22 02:30:00,513.7553
2024-12-22 02:45:00,657.63135
2024-12-22 03:00:00,593.04944
2024-12-22 03:15:00,729.85864
2024-12-22 03:30:00,783.97577
2024-12-22 03:45:00,936.06805
2024-12-22 04:00:00,822.0642
2024-12-22 04:15:00,846.97705
2024-12-22 04:30:00,790.4038
2024-12-22 04:45:00,850.74774
2024-12-22 05:00:00,760.3772
2024-12-22 05:15:00,665.5833
2024-12-22 05:30:00,732.4859
2024-12-22 05:45:00,701.6902
2024-12-22 06:00:00,780.2681
2024-12-22 06:15:00,581.3855
2024-12-22 06:30:00,484.5234
2024-12-22 06:45:00,495.3872
2024-12-22 07:00:00,411.85938
2024-12-22 07:15:00,676.5802
2024-12-22 07:30:00,803.9095
2024-12-22 07:45:00,174.64241
2024-12-22 08:00:00,-68.075676
2024-12-22 08:15:00,3827.2063
2024-12-22 08:30:00,7978.9917
2024-12-22 08:45:00,7344.1445
2024-12-22 09:00:00,5654.2065
2024-12-22 09:15:00,4796.7803
2024-12-22 09:30:00,5132.7056
2024-12-22 09:45:00,5255.7573
2024-12-22 10:00:00,5200.4556
2024-12-22 10:15:00,5184.5825
2024-12-22 10:30:00,5517.955
2024-12-22 10:45:00,5590.559
2024-12-22 11:00:00,5957.599
2024-12-22 11:15:00,6608.0405
2024-12-22 11:30:00,6481.2383
2024-12-22 11:45:00,6152.2725
2024-12-22 12:00:00,4745.846
2024-12-22 12:15:00,679.3214
2024-12-22 12:30:00,419.67862
2024-12-22 12:45:00,1354.7179
2024-12-22 13:00:00,1119.3059
2024-12-22 13:15:00,3087.3105
2024-12-22 13:30:00,5415.1826
2024-12-22 13:45:00,5390.7114
2024-12-22 14:00:00,5555.5747
2024-12-22 14:15:00,5472.5127
2024-12-22 14:30:00,5408.6826
2024-12-22 14:45:00,5156.4683
2024-12-22 15:00:00,5689.5967
2024-12-22 15:15:00,5280.5376
2024-12-22 15:30:00,5045.532
2024-12-22 15:45:00,5431.5884
2024-12-22 16:00:00,4951.485
2024-12-22 16:15:00,5022.1924
2024-12-22 16:30:00,5102.7656
2024-12-22 16:45:00,4368.303
2024-12-22 17:00:00,2788.6797
2024-12-22 17:15:00,1980.727
2024-12-22 17:30:00,2639.432
2024-12-22 17:45:00,2262.1829
2024-12-22 18:00:00,1577.6298
2024-12-22 18:15:00,658.21045
2024-12-22 18:30:00,691.2066
2024-12-22 18:45:00,1196.6132
2024-12-22 19:00:00,2182.5913
2024-12-22 19:15:00,2592.8577
2024-12-22 19:30:00,2650.4143
2024-12-22 19:45:00,2466.388
2024-12-22 20:00:00,2569.6262
2024-12-22 20:15:00,2499.2869
2024-12-22 20:30:00,2598.14
2024-12-22 20:45:00,2395.6875
2024-12-22 21:00:00,2277.878
2024-12-22 21:15:00,2241.4946
2024-12-22 21:30:00,2412.122
2024-12-22 21:45:00,2268.1504
2024-12-22 22:00:00,1860.3666
2024-12-22 22:15:00,1240.9021
2024-12-22 22:30:00,753.893
2024-12-22 22:45:00,513.9959
2024-12-22 23:00:00,530.932
2024-12-22 23:15:00,311.20956
2024-12-22 23:30:00,384.51465
2024-12-22 23:45:00,581.5234
2024-12-23 00:00:00,711.77875
2024-12-23 00:15:00,676.3582
2024-12-23 00:30:00,658.46497
2024-12-23 00:45:00,682.5681
2024-12-23 01:00:00,750.1078
2024-12-23 01:15:00,789.4019
2024-12-23 01:30:00,899.07635
2024-12-23 01:45:00,799.6597
2024-12-23 02:00:00,689.4325
2024-12-23 02:15:00,637.5288
2024-12-23 02:30:00,771.2287
2024-12-23 02:45:00,687.2959
2024-12-23 03:00:00,575.6508
2024-12-23 03:15:00,546.57385
2024-12-23 03:30:00,658.55365
2024-12-23 03:45:00,821.48804
2024-12-23 04:00:00,684.0076
2024-12-23 04:15:00,595.54443
2024-12-23 04:30:00,488.95383
2024-12-23 04:45:00,626.9275
2024-12-23 05:00:00,508.65143
2024-12-23 05:15:00,462.10492
2024-12-23 05:30:00,397.2849
2024-12-23 05:45:00,408.0539
2024-12-23 06:00:00,484.0251
2024-12-23 06:15:00,219.27396
2024-12-23 06:30:00,182.62512
2024-12-23 06:45:00,166.30876
2024-12-23 07:00:00,42.463314
2024-12-23 07:15:00,50.51225
2024-12-23 07:30:00,190.91695
2024-12-23 07:45:00,-254.656
2024-12-23 08:00:00,-526.95825
2024-12-23 08:15:00,1519.093
2024-12-23 08:30:00,3831.1882
2024-12-23 08:45:00,3672.4036
2024-12-23 09:00:00,2889.4717
2024-12-23 09:15:00,2370.3254
2024-12-23 09:30:00,2509.0918
2024-12-23 09:45:00,2387.339
2024-12-23 10:00:00,2428.1267
2024-12-23 10:15:00,2324.2488
2024-12-23 10:30:00,2442.7827
2024-12-23 10:45:00,2107.7327
2024-12-23 11:00:00,1948.6982
2024-12-23 11:15:00,2154.2915
2024-12-23 11:30:00,2318.7583
2024-12-23 11:45:00,2473.3733
2024-12-23 12:00:00,2358.9128
2024-12-23 12:15:00,689.7728
2024-12-23 12:30:00,985.33746
2024-12-23 12:45:00,1287.7643
2024-12-23 13:00:00,760.20856
2024-12-23 13:15:00,1623.3047
2024-12-23 13:30:00,2784.4182
2024-12-23 13:45:00,2378.5813
2024-12-23 14:00:00,2276.866
2024-12-23 14:15:00,2284.5518
2024-12-23 14:30:00,2371.6414
2024-12-23 14:45:00,2216.4165
2024-12-23 15:00:00,2595.0405
2024-12-23 15:15:00,2236.2427
2024-12-23 15:30:00,2153.2136
2024-12-23 15:45:00,2202.598
2024-12-23 16:00:00,1998.1473
2024-12-23 16:15:00,2100.896
2024-12-23 16:30:00,2383.9888
2024-12-23 16:45:00,2383.4902
2024-12-23 17:00:00,1766.6418
2024-12-23 17:15:00,1585.2031
2024-12-23 17:30:00,1912.4048
2024-12-23 17:45:00,1617.2119
2024-12-23 18:00:00,926.4499
2024-12-23 18:15:00,179.05048
2024-12-23 18:30:00,161.23148
2024-12-23 18:45:00,425.4563
2024-12-23 19:00:00,1290.4247
2024-12-23 19:15:00,1771.9716
2024-12-23 19:30:00,1886.5658
2024-12-23 19:45:00,1780.3604
2024-12-23 20:00:00,1894.3184
2024-12-23 20:15:00,1777.562
2024-12-23 20:30:00,1934.3685
2024-12-23 20:45:00,1863.602
2024-12-23 21:00:00,1852.1973
2024-12-23 21:15:00,2056.0105
2024-12-23 21:30:00,2262.4163
2024-12-23 21:45:00,1980.552
2024-12-23 22:00:00,1757.3701
2024-12-23 22:15:00,1072.9385
2024-12-23 22:30:00,560.62494
2024-12-23 22:45:00,459.5157
2024-12-23 23:00:00,375.81906
2024-12-23 23:15:00,296.19254
2024-12-23 23:30:00,395.02768
2024-12-23 23:45:00,483.3039
2024-12-24 00:00:00,315.84537
2024-12-24 00:15:00,254.92287
2024-12-24 00:30:00,386.56378
2024-12-24 00:45:00,441.76953
2024-12-24 01:00:00,289.21817
2024-12-24 01:15:00,266.96375
2024-12-24 01:30:00,383.34436
2024-12-24 01:45:00,391.76968
2024-12-24 02:00:00,557.76514
2024-12-24 02:15:00,219.37653
2024-12-24 02:30:00,245.2917
2024-12-24 02:45:00,334.49686
2024-12-24 03:00:00,389.73853
2024-12-24 03:15:00,375.1933
2024-12-24 03:30:00,272.52206
2024-12-24 03:45:00,208.84566
2024-12-24 04:00:00,191.2107
2024-12-24 04:15:00,275.47037
2024-12-24 04:30:00,425.58044
2024-12-24 04:45:00,371.81085
2024-12-24 05:00:00,183.79642
2024-12-24 05:15:00,391.4226
2024-12-24 05:30:00,401.27252
2024-12-24 05:45:00,604.3216
2024-12-24 06:00:00,698.5786
2024-12-24 06:15:00,339.3862
2024-12-24 06:30:00,751.3884
2024-12-24 06:45:00,785.2112
2024-12-24 07:00:00,600.4807
2024-12-24 07:15:00,769.75903
2024-12-24 07:30:00,566.55756
2024-12-24 07:45:00,-397.29407
2024-12-24 08:00:00,-803.35474
2024-12-24 08:15:00,4970.316
2024-12-24 08:30:00,10217.112
2024-12-24 08:45:00,10660.497
2024-12-24 09:00:00,10164.934
2024-12-24 09:15:00,9574.807
2024-12-24 09:30:00,9010.241
2024-12-24 09:45:00,8835.51
2024-12-24 10:00:00,8544.196
2024-12-24 10:15:00,7854.0093
2024-12-24 10:30:00,8306.656
2024-12-24 10:45:00,8842.996
2024-12-24 11:00:00,10082.236
2024-12-24 11:15:00,11564.749
2024-12-24 11:30:00,11128.885
2024-12-24 11:45:00,11195.983
2024-12-24 12:00:00,9081.221
2024-12-24 12:15:00,1734.129
2024-12-24 12:30:00,1874.917
2024-12-24 12:45:00,1043.9219
2024-12-24 13:00:00,1525.3514
2024-12-24 13:15:00,6522.3394
2024-12-24 13:30:00,10036.36
2024-12-24 13:45:00,9911.551
2024-12-24 14:00:00,9831.989
2024-12-24 14:15:00,9308.339
2024-12-24 14:30:00,9462.28
2024-12-24 14:45:00,8744.925
2024-12-24 15:00:00,9201.748
2024-12-24 15:15:00,9047.881
2024-12-24 15:30:00,9015.27
2024-12-24 15:45:00,9904.707
2024-12-24 16:00:00,9173.343
2024-12-24 16:15:00,9371.421
2024-12-24 16:30:00,9440.853
2024-12-24 16:45:00,9853.667
2024-12-24 17:00:00,9423.716
2024-12-24 17:15:00,8923.829
2024-12-24 17:30:00,7163.24
2024-12-24 17:45:00,2750.225
2024-12-24 18:00:00,2871.793
2024-12-24 18:15:00,4774.441
2024-12-24 18:30:00,6758.6733
2024-12-24 18:45:00,5946.7397
2024-12-24 19:00:00,6583.3574
2024-12-24 19:15:00,7048.829
2024-12-24 19:30:00,7243.249
2024-12-24 19:45:00,6841.356
2024-12-24 20:00:00,6373.0884
2024-12-24 20:15:00,6692.2607
2024-12-24 20:30:00,6960.079
2024-12-24 20:45:00,5463.862
2024-12-24 21:00:00,3431.4873
2024-12-24 21:15:00,2433.0217
2024-12-24 21:30:00,2885.5637
2024-12-24 21:45:00,3079.0662
2024-12-24 22:00:00,2768.3694
2024-12-24 22:15:00,1402.747
2024-12-24 22:30:00,850.71405
2024-12-24 22:45:00,615.3188
2024-12-24 23:00:00,486.26495
2024-12-24 23:15:00,150.56432
2024-12-24 23:30:00,-324.76965
2024-12-24 23:45:00,-122.121864
2024-12-25 00:00:00,130.25195
2024-12-25 00:15:00,146.28851
2024-12-25 00:30:00,304.75864
2024-12-25 00:45:00,371.8628
2024-12-25 01:00:00,336.01822
2024-12-25 01:15:00,321.1482
2024-12-25 01:30:00,486.2987
2024-12-25 01:45:00,554.0585
2024-12-25 02:00:00,614.05334
2024-12-25 02:15:00,449.25357
2024-12-25 02:30:00,488.05185
2024-12-25 02:45:00,569.03467
2024-12-25 03:00:00,520.2616
2024-12-25 03:15:00,590.5625
2024-12-25 03:30:00,396.88058
2024-12-25 03:45:00,361.87048
2024-12-25 04:00:00,536.106
2024-12-25 04:15:00,594.9775
2024-12-25 04:30:00,637.1221
2024-12-25 04:45:00,507.01215
2024-12-25 05:00:00,415.92538
2024-12-25 05:15:00,305.262
2024-12-25 05:30:00,390.925
2024-12-25 05:45:00,651.14526
2024-12-25 06:00:00,694.3998
2024-12-25 06:15:00,367.16693
2024-12-25 06:30:00,524.9916
2024-12-25 06:45:00,295.96292
2024-12-25 07:00:00,146.86047
2024-12-25 07:15:00,314.72037
2024-12-25 07:30:00,81.27127
2024-12-25 07:45:00,-1002.96277
2024-12-25 08:00:00,-1475.5769
2024-12-25 08:15:00,5405.877
2024-12-25 08:30:00,11674.783
2024-12-25 08:45:00,11777.285
2024-12-25 09:00:00,10612.778
2024-12-25 09:15:00,9869.473
2024-12-25 09:30:00,9482.79
2024-12-25 09:45:00,9673.7295
2024-12-25 10:00:00,9555.523
2024-12-25 10:15:00,9028.975
2024-12-25 10:30:00,9423.252
2024-12-25 10:45:00,9818.686
2024-12-25 11:00:00,10436.742
2024-12-25 11:15:00,11502.157
2024-12-25 11:30:00,10679.501
2024-12-25 11:45:00,10948.101
2024-12-25 12:00:00,9036.506
2024-12-25 12:15:00,749.4404
2024-12-25 12:30:00,884.86725
2024-12-25 12:45:00,295.88144
2024-12-25 13:00:00,543.7129
2024-12-25 13:15:00,5844.693
2024-12-25 13:30:00,9646.6
2024-12-25 13:45:00,8656.17
2024-12-25 14:00:00,8343.444
2024-12-25 14:15:00,7987.953
2024-12-25 14:30:00,8286.49
2024-12-25 14:45:00,7731.7324
2024-12-25 15:00:00,8338.074
2024-12-25 15:15:00,8166.244
2024-12-25 15:30:00,8031.057
2024-12-25 15:45:00,9039.192
2024-12-25 16:00:00,8262.539
2024-12-25 16:15:00,8441.086
2024-12-25 16:30:00,8421.84
2024-12-25 16:45:00,8987.474
2024-12-25 17:00:00,8511.974
2024-12-25 17:15:00,8040.997
2024-12-25 17:30:00,6797.226
2024-12-25 17:45:00,2594.3591
2024-12-25 18:00:00,2889.8428
2024-12-25 18:15:00,5350.5996
2024-12-25 18:30:00,7591.737
2024-12-25 18:45:00,6588.8804
2024-12-25 19:00:00,7426.254
2024-12-25 19:15:00,8009.2983
2024-12-25 19:30:00,7965.946
2024-12-25 19:45:00,7691.7944
2024-12-25 20:00:00,7355.8438
2024-12-25 20:15:00,7885.0483
2024-12-25 20:30:00,8425.8125
2024-12-25 20:45:00,6731.144
2024-12-25 21:00:00,3909.6948
2024-12-25 21:15:00,2120.7195
2024-12-25 21:30:00,1955.2618
2024-12-25 21:45:00,2162.3052
2024-12-25 22:00:00,1809.5203
2024-12-25 22:15:00,570.44543
2024-12-25 22:30:00,361.5191
2024-12-25 22:45:00,307.40973
2024-12-25 23:00:00,413.85623
2024-12-25 23:15:00,156.80853
2024-12-25 23:30:00,-139.099
2024-12-25 23:45:00,45.14431
2024-12-26 00:00:00,759.54156
2024-12-26 00:15:00,559.50305
2024-12-26 00:30:00,798.32587
2024-12-26 00:45:00,704.7156
2024-12-26 01:00:00,550.9826
2024-12-26 01:15:00,456.38116
2024-12-26 01:30:00,514.1005
2024-12-26 01:45:00,316.89514
2024-12-26 02:00:00,462.7696
2024-12-26 02:15:00,215.90062
2024-12-26 02:30:00,282.0114
2024-12-26 02:45:00,227.39166
2024-12-26 03:00:00,227.26749
2024-12-26 03:15:00,123.41232
2024-12-26 03:30:00,236.72742
2024-12-26 03:45:00,433.67056
2024-12-26 04:00:00,674.2872
2024-12-26 04:15:00,473.73633
2024-12-26 04:30:00,496.8838
2024-12-26 04:45:00,262.88095
2024-12-26 05:00:00,156.81427
2024-12-26 05:15:00,105.50362
2024-12-26 05:30:00,253.12025
2024-12-26 05:45:00,508.7669
2024-12-26 06:00:00,626.167
2024-12-26 06:15:00,317.40613
2024-12-26 06:30:00,594.5071
2024-12-26 06:45:00,350.67752
2024-12-26 07:00:00,389.90662
2024-12-26 07:15:00,346.95746
2024-12-26 07:30:00,135.40572
2024-12-26 07:45:00,-590.1267
2024-12-26 08:00:00,-404.51498
2024-12-26 08:15:00,7157.8354
2024-12-26 08:30:00,12931.297
2024-12-26 08:45:00,13431.384
2024-12-26 09:00:00,12833.606
2024-12-26 09:15:00,12266.759
2024-12-26 09:30:00,11492.176
2024-12-26 09:45:00,11279.89
2024-12-26 10:00:00,10853.831
2024-12-26 10:15:00,9715.835
2024-12-26 10:30:00,9618.059
2024-12-26 10:45:00,9804.473
2024-12-26 11:00:00,10157.253
2024-12-26 11:15:00,11079.933
2024-12-26 11:30:00,10322.376
2024-12-26 11:45:00,10299.151
2024-12-26 12:00:00,8184.7935
2024-12-26 12:15:00,129.20647
2024-12-26 12:30:00,1506.3905
2024-12-26 12:45:00,853.5968
2024-12-26 13:00:00,1487.7788
2024-12-26 13:15:00,6585.021
2024-12-26 13:30:00,9020.056
2024-12-26 13:45:00,7630.8115
2024-12-26 14:00:00,8253.104
2024-12-26 14:15:00,8814.984
2024-12-26 14:30:00,9213.297
2024-12-26 14:45:00,8529.361
2024-12-26 15:00:00,8321.057
2024-12-26 15:15:00,7797.5435
2024-12-26 15:30:00,7588.547
2024-12-26 15:45:00,8764.023
2024-12-26 16:00:00,8208.211
2024-12-26 16:15:00,8230.934
2024-12-26 16:30:00,8062.006
2024-12-26 16:45:00,8600.334
2024-12-26 17:00:00,8409.55
2024-12-26 17:15:00,8486.731
2024-12-26 17:30:00,7309.2056
2024-12-26 17:45:00,2961.9248
2024-12-26 18:00:00,3569.2546
2024-12-26 18:15:00,5764.577
2024-12-26 18:30:00,7904.7515
2024-12-26 18:45:00,6266.627
2024-12-26 19:00:00,7041.1714
2024-12-26 19:15:00,7590.5146
2024-12-26 19:30:00,7591.8657
2024-12-26 19:45:00,7547.1514
2024-12-26 20:00:00,7344.5425
2024-12-26 20:15:00,7397.7856
2024-12-26 20:30:00,7629.0186
2024-12-26 20:45:00,5540.8535
2024-12-26 21:00:00,3199.4353
2024-12-26 21:15:00,2675.4058
2024-12-26 21:30:00,3110.2666
2024-12-26 21:45:00,3280.2747
2024-12-26 22:00:00,2800.4792
2024-12-26 22:15:00,1495.8895
2024-12-26 22:30:00,824.2147
2024-12-26 22:45:00,638.43365
2024-12-26 23:00:00,803.9998
2024-12-26 23:15:00,828.08594
2024-12-26 23:30:00,593.7241
2024-12-26 23:45:00,826.22864
2024-12-27 00:00:00,747.1054
2024-12-27 00:15:00,633.9145
2024-12-27 00:30:00,516.8947
2024-12-27 00:45:00,718.4503
2024-12-27 01:00:00,559.49976
2024-12-27 01:15:00,476.62714
2024-12-27 01:30:00,744.657
2024-12-27 01:45:00,603.7232
2024-12-27 02:00:00,601.89246
2024-12-27 02:15:00,13.376868
2024-12-27 02:30:00,185.32608
2024-12-27 02:45:00,314.76773
2024-12-27 03:00:00,109.79075
2024-12-27 03:15:00,267.09317
2024-12-27 03:30:00,491.66058
2024-12-27 03:45:00,468.3329
2024-12-27 04:00:00,580.90155
2024-12-27 04:15:00,702.8255
2024-12-27 04:30:00,622.9379
2024-12-27 04:45:00,654.21765
2024-12-27 05:00:00,766.4683
2024-12-27 05:15:00,690.68774
2024-12-27 05:30:00,584.863
2024-12-27 05:45:00,595.9516
2024-12-27 06:00:00,327.81418
2024-12-27 06:15:00,138.3028
2024-12-27 06:30:00,698.36487
2024-12-27 06:45:00,602.5136
2024-12-27 07:00:00,397.84253
2024-12-27 07:15:00,40.462234
2024-12-27 07:30:00,-308.02176
2024-12-27 07:45:00,-1215.1686
2024-12-27 08:00:00,-806.15265
2024-12-27 08:15:00,7926.756
2024-12-27 08:30:00,14320.368
2024-12-27 08:45:00,13842.663
2024-12-27 09:00:00,11595.308
2024-12-27 09:15:00,9866.893
2024-12-27 09:30:00,9098.654
2024-12-27 09:45:00,9447.399
2024-12-27 10:00:00,9645.714
2024-12-27 10:15:00,8711.449
2024-12-27 10:30:00,8598.027
2024-12-27 10:45:00,8440.93
2024-12-27 11:00:00,9032.006
2024-12-27 11:15:00,10993.933
2024-12-27 11:30:00,11269.106
2024-12-27 11:45:00,12269.422
2024-12-27 12:00:00,9931.725
2024-12-27 12:15:00,846.19507
2024-12-27 12:30:00,1435.5428
2024-12-27 12:45:00,269.77817
2024-12-27 13:00:00,990.88464
2024-12-27 13:15:00,6898.779
2024-12-27 13:30:00,10540.884
2024-12-27 13:45:00,9186.969
2024-12-27 14:00:00,9050.714
2024-12-27 14:15:00,8323.229
2024-12-27 14:30:00,8264.563
2024-12-27 14:45:00,7757.196
2024-12-27 15:00:00,8022.429
2024-12-27 15:15:00,7870.0254
2024-12-27 15:30:00,7644.6606
2024-12-27 15:45:00,8403.755
2024-12-27 16:00:00,7627.575
2024-12-27 16:15:00,7543.138
2024-12-27 16:30:00,7421.3286
2024-12-27 16:45:00,7645.879
2024-12-27 17:00:00,6830.002
2024-12-27 17:15:00,6664.736
2024-12-27 17:30:00,6015.3345
2024-12-27 17:45:00,2356.8118
2024-12-27 18:00:00,3622.7324
2024-12-27 18:15:00,5960.4453
2024-12-27 18:30:00,7415.382
2024-12-27 18:45:00,5515.172
2024-12-27 19:00:00,6121.5903
2024-12-27 19:15:00,6653.943
2024-12-27 19:30:00,6869.5156
2024-12-27 19:45:00,6842.2197
2024-12-27 20:00:00,6760.847
2024-12-27 20:15:00,6943.2974
2024-12-27 20:30:00,7342.4097
2024-12-27 20:45:00,5700.8613
2024-12-27 21:00:00,3450.239
2024-12-27 21:15:00,2706.0725
2024-12-27 21:30:00,3044.051
2024-12-27 21:45:00,3158.6135
2024-12-27 22:00:00,2370.4758
2024-12-27 22:15:00,973.8123
2024-12-27 22:30:00,674.9585
2024-12-27 22:45:00,509.2427
2024-12-27 23:00:00,630.74725
2024-12-27 23:15:00,545.21106
2024-12-27 23:30:00,284.6176
2024-12-27 23:45:00,563.2804
2024-12-28 00:00:00,385.65213
2024-12-28 00:15:00,249.62921
2024-12-28 00:30:00,235.64816
2024-12-28 00:45:00,505.4415
2024-12-28 01:00:00,469.877
2024-12-28 01:15:00,546.8532
2024-12-28 01:30:00,581.6263
2024-12-28 01:45:00,514.7255
2024-12-28 02:00:00,445.0812
2024-12-28 02:15:00,125.236176
2024-12-28 02:30:00,556.45807
2024-12-28 02:45:00,649.2606
2024-12-28 03:00:00,476.12354
2024-12-28 03:15:00,336.94876
2024-12-28 03:30:00,415.17538
2024-12-28 03:45:00,605.6007
2024-12-28 04:00:00,746.1075
2024-12-28 04:15:00,627.5334
2024-12-28 04:30:00,562.78424
2024-12-28 04:45:00,425.5345
2024-12-28 05:00:00,312.24768
2024-12-28 05:15:00,488.12952
2024-12-28 05:30:00,445.249
2024-12-28 05:45:00,542.30963
2024-12-28 06:00:00,576.3641
2024-12-28 06:15:00,284.09952
2024-12-28 06:30:00,408.33884
2024-12-28 06:45:00,152.58264
2024-12-28 07:00:00,-72.68563
2024-12-28 07:15:00,-157.91579
2024-12-28 07:30:00,-369.33072
2024-12-28 07:45:00,-1245.9352
2024-12-28 08:00:00,-1448.3682
2024-12-28 08:15:00,5977.195
2024-12-28 08:30:00,11808.518
2024-12-28 08:45:00,12003.137
2024-12-28 09:00:00,11094.558
2024-12-28 09:15:00,10249.317
2024-12-28 09:30:00,9511.772
2024-12-28 09:45:00,9322.056
2024-12-28 10:00:00,8725.52
2024-12-28 10:15:00,7572.214
2024-12-28 10:30:00,8113.4116
2024-12-28 10:45:00,8824.473
2024-12-28 11:00:00,9859.269
2024-12-28 11:15:00,11681.433
2024-12-28 11:30:00,11274.206
2024-12-28 11:45:00,11663.469
2024-12-28 12:00:00,9280.539
2024-12-28 12:15:00,443.40158
2024-12-28 12:30:00,1197.039
2024-12-28 12:45:00,307.04202
2024-12-28 13:00:00,1211.1194
2024-12-28 13:15:00,6865.7925
2024-12-28 13:30:00,9968.663
2024-12-28 13:45:00,8736.179
2024-12-28 14:00:00,9129.256
2024-12-28 14:15:00,9646.945
2024-12-28 14:30:00,10307.497
2024-12-28 14:45:00,9648.25
2024-12-28 15:00:00,9469.153
2024-12-28 15:15:00,8724.187
2024-12-28 15:30:00,8526.635
2024-12-28 15:45:00,9662.713
2024-12-28 16:00:00,9018.47
2024-12-28 16:15:00,9327.598
2024-12-28 16:30:00,9242.099
2024-12-28 16:45:00,9644.933
2024-12-28 17:00:00,9299.482
2024-12-28 17:15:00,8670.799
2024-12-28 17:30:00,6729.7314
2024-12-28 17:45:00,1818.2281
2024-12-28 18:00:00,2554.219
2024-12-28 18:15:00,5714.304
2024-12-28 18:30:00,9070.398
2024-12-28 18:45:00,7823.904
2024-12-28 19:00:00,8096.799
2024-12-28 19:15:00,8350.444
2024-12-28 19:30:00,8725.207
2024-12-28 19:45:00,8882.344
2024-12-28 20:00:00,8889.063
2024-12-28 20:15:00,9023.862
2024-12-28 20:30:00,8828.688
2024-12-28 20:45:00,6296.5586
2024-12-28 21:00:00,3526.5718
2024-12-28 21:15:00,2693.686
2024-12-28 21:30:00,2982.3538
2024-12-28 21:45:00,3293.3645
2024-12-28 22:00:00,2566.2566
2024-12-28 22:15:00,913.5459
2024-12-28 22:30:00,184.4454
2024-12-28 22:45:00,117.4012
2024-12-28 23:00:00,159.58508
2024-12-28 23:15:00,171.73619
2024-12-28 23:30:00,22.724064
2024-12-28 23:45:00,217.4952
2024-12-29 00:00:00,653.2085
2024-12-29 00:15:00,764.5969
2024-12-29 00:30:00,796.56506
2024-12-29 00:45:00,740.19476
2024-12-29 01:00:00,718.8469
2024-12-29 01:15:00,712.09894
2024-12-29 01:30:00,848.3623
2024-12-29 01:45:00,664.3132
2024-12-29 02:00:00,558.391
2024-12-29 02:15:00,380.42957
2024-12-29 02:30:00,518.8975
2024-12-29 02:45:00,619.39197
2024-12-29 03:00:00,504.77847
2024-12-29 03:15:00,692.09863
2024-12-29 03:30:00,692.05035
2024-12-29 03:45:00,836.5747
2024-12-29 04:00:00,723.3315
2024-12-29 04:15:00,792.94415
2024-12-29 04:30:00,695.05566
2024-12-29 04:45:00,803.55255
2024-12-29 05:00:00,679.6153
2024-12-29 05:15:00,549.8154
2024-12-29 05:30:00,687.06964
2024-12-29 05:45:00,673.1481
2024-12-29 06:00:00,766.605
2024-12-29 06:15:00,602.3246
2024-12-29 06:30:00,428.9304
2024-12-29 06:45:00,408.90854
2024-12-29 07:00:00,207.9279
2024-12-29 07:15:00,339.68332
2024-12-29 07:30:00,378.46704
2024-12-29 07:45:00,-426.2547
2024-12-29 08:00:00,-841.62305
2024-12-29 08:15:00,3750.7678
2024-12-29 08:30:00,8703.273
2024-12-29 08:45:00,7978.0093
2024-12-29 09:00:00,6036.845
2024-12-29 09:15:00,5013.7295
2024-12-29 09:30:00,5237.593
2024-12-29 09:45:00,5297.6636
2024-12-29 10:00:00,5240.964
2024-12-29 10:15:00,5009.5522
2024-12-29 10:30:00,5393.103
2024-12-29 10:45:00,5713.436
2024-12-29 11:00:00,6220.136
2024-12-29 11:15:00,6953.6587
2024-12-29 11:30:00,6815.198
2024-12-29 11:45:00,6541.437
2024-12-29 12:00:00,4956.4937
2024-12-29 12:15:00,115.47403
2024-12-29 12:30:00,-262.06204
2024-12-29 12:45:00,815.31006
2024-12-29 13:00:00,481.36115
2024-12-29 13:15:00,2847.523
2024-12-29 13:30:00,5580.6074
2024-12-29 13:45:00,5498.5786
2024-12-29 14:00:00,5633.866
2024-12-29 14:15:00,5536.425
2024-12-29 14:30:00,5407.647
2024-12-29 14:45:00,5032.553
2024-12-29 15:00:00,5658.936
2024-12-29 15:15:00,5193.0283
2024-12-29 15:30:00,5024.176
2024-12-29 15:45:00,5576.975
2024-12-29 16:00:00,5157.821
2024-12-29 16:15:00,5257.043
2024-12-29 16:30:00,5470.2695
2024-12-29 16:45:00,4749.06
2024-12-29 17:00:00,3076.2227
2024-12-29 17:15:00,2228.9282
2024-12-29 17:30:00,2925.8162
2024-12-29 17:45:00,2400.5142
2024-12-29 18:00:00,1522.9457
2024-12-29 18:15:00,432.33707
2024-12-29 18:30:00,552.9118
2024-12-29 18:45:00,1192.0472
2024-12-29 19:00:00,2345.1602
2024-12-29 19:15:00,2809.4055
2024-12-29 19:30:00,2865.0938
2024-12-29 19:45:00,2688.612
2024-12-29 20:00:00,2813.2405
2024-12-29 20:15:00,2724.333
2024-12-29 20:30:00,2863.615
2024-12-29 20:45:00,2631.7834
2024-12-29 21:00:00,2438.513
2024-12-29 21:15:00,2355.3276
2024-12-29 21:30:00,2513.2883
2024-12-29 21:45:00,2331.9119
2024-12-29 22:00:00,1859.0713
2024-12-29 22:15:00,1182.9181
2024-12-29 22:30:00,604.324
2024-12-29 22:45:00,240.85962
2024-12-29 23:00:00,238.85356
2024-12-29 23:15:00,49.771507
2024-12-29 23:30:00,110.99398
2024-12-29 23:45:00,429.45166
2024-12-30 00:00:00,630.2065
2024-12-30 00:15:00,605.7814
2024-12-30 00:30:00,609.2572
2024-12-30 00:45:00,609.8893
2024-12-30 01:00:00,692.7315
2024-12-30 01:15:00,737.101
2024-12-30 01:30:00,891.094
2024-12-30 01:45:00,745.6695
2024-12-30 02:00:00,612.5529
2024-12-30 02:15:00,547.57623
2024-12-30 02:30:00,708.97473
2024-12-30 02:45:00,569.21484
2024-12-30 03:00:00,451.91867
2024-12-30 03:15:00,421.027
2024-12-30 03:30:00,518.20966
2024-12-30 03:45:00,706.7656
2024-12-30 04:00:00,530.16486
2024-12-30 04:15:00,431.12955
2024-12-30 04:30:00,293.82663
2024-12-30 04:45:00,483.2032
2024-12-30 05:00:00,327.65726
2024-12-30 05:15:00,252.62233
2024-12-30 05:30:00,229.65536
2024-12-30 05:45:00,233.51024
2024-12-30 06:00:00,284.69333
2024-12-30 06:15:00,-44.648354
2024-12-30 06:30:00,-105.99548
2024-12-30 06:45:00,-135.41006
2024-12-30 07:00:00,-335.17874
2024-12-30 07:15:00,-315.69757
2024-12-30 07:30:00,-229.5318
2024-12-30 07:45:00,-830.08264
2024-12-30 08:00:00,-1191.9414
2024-12-30 08:15:00,1621.8809
2024-12-30 08:30:00,4770.165
2024-12-30 08:45:00,4473.621
2024-12-30 09:00:00,3387.8423
2024-12-30 09:15:00,2832.591
2024-12-30 09:30:00,3025.6697
2024-12-30 09:45:00,2882.7195
2024-12-30 10:00:00,2935.2112
2024-12-30 10:15:00,2767.4133
2024-12-30 10:30:00,2926.14
2024-12-30 10:45:00,2615.8523
2024-12-30 11:00:00,2420.9802
2024-12-30 11:15:00,2749.649
2024-12-30 11:30:00,3009.8286
2024-12-30 11:45:00,3287.9822
2024-12-30 12:00:00,3063.163
2024-12-30 12:15:00,481.41736
2024-12-30 12:30:00,672.92944
2024-12-30 12:45:00,1072.5631
2024-12-30 13:00:00,341.566
2024-12-30 13:15:00,1586.8644
2024-12-30 13:30:00,3227.1082
2024-12-30 13:45:00,2763.8313
2024-12-30 14:00:00,2669.0708
2024-12-30 14:15:00,2686.8716
2024-12-30 14:30:00,2773.357
2024-12-30 14:45:00,2562.9702
2024-12-30 15:00:00,3107.0186
2024-12-30 15:15:00,2715.4932
2024-12-30 15:30:00,2647.69
2024-12-30 15:45:00,2747.102
2024-12-30 16:00:00,2436.7588
2024-12-30 16:15:00,2492.9883
2024-12-30 16:30:00,2844.2375
2024-12-30 16:45:00,2898.7153
2024-12-30 17:00:00,2114.0786
2024-12-30 17:15:00,1874.8605
2024-12-30 17:30:00,2347.8367
2024-12-30 17:45:00,1840.8915
2024-12-30 18:00:00,883.50635
2024-12-30 18:15:00,-79.986984
2024-12-30 18:30:00,-105.56202
2024-12-30 18:45:00,320.43393
2024-12-30 19:00:00,1450.7449
2024-12-30 19:15:00,2009.543
2024-12-30 19:30:00,2143.2703
2024-12-30 19:45:00,2038.2253
2024-12-30 20:00:00,2158.805
2024-12-30 20:15:00,1968.4482
2024-12-30 20:30:00,2145.1643
2024-12-30 20:45:00,2024.345
2024-12-30 21:00:00,1982.3507
2024-12-30 21:15:00,2188.1252
2024-12-30 21:30:00,2402.9565
2024-12-30 21:45:00,2063.9724
2024-12-30 22:00:00,1797.4355
2024-12-30 22:15:00,1014.1964
2024-12-30 22:30:00,404.01782
2024-12-30 22:45:00,261.91855
2024-12-30 23:00:00,208.10793
2024-12-30 23:15:00,129.78897
2024-12-30 23:30:00,289.72742
2024-12-30 23:45:00,444.4495
2024-12-31 00:00:00,297.57846
2024-12-31 00:15:00,192.53766
2024-12-31 00:30:00,267.08163
2024-12-31 00:45:00,311.46133
2024-12-31 01:00:00,275.2112
2024-12-31 01:15:00,297.44736
2024-12-31 01:30:00,407.39856
2024-12-31 01:45:00,440.7743
2024-12-31 02:00:00,558.98804
2024-12-31 02:15:00,236.13527
2024-12-31 02:30:00,344.9121
2024-12-31 02:45:00,375.8733
2024-12-31 03:00:00,334.30484
2024-12-31 03:15:00,391.8724
2024-12-31 03:30:00,257.60016
2024-12-31 03:45:00,225.32303
2024-12-31 04:00:00,162.2488
2024-12-31 04:15:00,272.23904
2024-12-31 04:30:00,397.62985
2024-12-31 04:45:00,366.42017
2024-12-31 05:00:00,180.05437
2024-12-31 05:15:00,335.6207
2024-12-31 05:30:00,360.3484
2024-12-31 05:45:00,573.5834
2024-12-31 06:00:00,650.80457
2024-12-31 06:15:00,301.6884
2024-12-31 06:30:00,577.73004
2024-12-31 06:45:00,678.39343
2024-12-31 07:00:00,534.4772
2024-12-31 07:15:00,628.1533
2024-12-31 07:30:00,412.01425
2024-12-31 07:45:00,-919.2999
2024-12-31 08:00:00,-1573.9846
2024-12-31 08:15:00,5220.0234
2024-12-31 08:30:00,11400.915
2024-12-31 08:45:00,11891.117
2024-12-31 09:00:00,10997.641
2024-12-31 09:15:00,10030.267
2024-12-31 09:30:00,9250.085
2024-12-31 09:45:00,8873.017
2024-12-31 10:00:00,8459.641
2024-12-31 10:15:00,7562.389
2024-12-31 10:30:00,8144.149
2024-12-31 10:45:00,8682.062
2024-12-31 11:00:00,9908.419
2024-12-31 11:15:00,11577.664
2024-12-31 11:30:00,11116.665
2024-12-31 11:45:00,11708.346
2024-12-31 12:00:00,9504.508
2024-12-31 12:15:00,885.28754
2024-12-31 12:30:00,1426.758
2024-12-31 12:45:00,346.40158
2024-12-31 13:00:00,817.7531
2024-12-31 13:15:00,6369.1245
2024-12-31 13:30:00,10015.577
2024-12-31 13:45:00,9487.186
2024-12-31 14:00:00,9477.431
2024-12-31 14:15:00,8978.408
2024-12-31 14:30:00,9307.173
2024-12-31 14:45:00,8458.455
2024-12-31 15:00:00,8812.702
2024-12-31 15:15:00,8547.417
2024-12-31 15:30:00,8535.721
2024-12-31 15:45:00,9572.021
2024-12-31 16:00:00,8894.238
2024-12-31 16:15:00,9105.424
2024-12-31 16:30:00,9215.302
2024-12-31 16:45:00,9684.297
2024-12-31 17:00:00,9281.629
2024-12-31 17:15:00,8980.998
2024-12-31 17:30:00,7389.567
2024-12-31 17:45:00,2338.6233
2024-12-31 18:00:00,2575.3855
2024-12-31 18:15:00,4740.9907
2024-12-31 18:30:00,6858.8975
2024-12-31 18:45:00,5721.1406
2024-12-31 19:00:00,6702.896
2024-12-31 19:15:00,7390.6733
2024-12-31 19:30:00,7703.5615
2024-12-31 19:45:00,7229.1665
2024-12-31 20:00:00,6805.1255
2024-12-31 20:15:00,7352.3003
2024-12-31 20:30:00,7933.3003
2024-12-31 20:45:00,6342.099
2024-12-31 21:00:00,3978.6514
2024-12-31 21:15:00,2719.4236
2024-12-31 21:30:00,3130.9314
2024-12-31 21:45:00,3374.3293
2024-12-31 22:00:00,3016.4465
2024-12-31 22:15:00,1596.8104
2024-12-31 22:30:00,973.5142
2024-12-31 22:45:00,665.8867
2024-12-31 23:00:00,492.76086
2024-12-31 23:15:00,226.15341
2024-12-31 23:30:00,-195.74773
2024-12-31 23:45:00,-20.489655
